Nome,LOA (m),Boca (m),DWT (ton),Calado de Entrada (m),Calado de Saída (m),Calado Aéreo (m),Pontal (m),Tamanho de Lança (m),Ano de Construção,Tipo do Navio,Último Porto,Próximo Porto,Situação
Navio1,59,15,63260,14,8,24,19,11,2000,GL,Porto5,Porto5,0
Navio2,15,9,46723,13,15,30,13,60,2001,GL,Porto3,Porto3,0
Navio3,18,11,191817,15,16,28,10,33,1994,GS,Porto5,Porto1,0
Navio4,18,13,195241,11,16,19,12,74,2007,GSM,Porto5,Porto5,0
Navio5,54,17,37299,10,15,16,14,24,1994,GLP,Porto2,Porto2,0
Navio6,24,15,161956,16,12,14,18,101,2016,GL,Porto3,Porto4,0
Navio7,34,17,69892,9,18,21,8,87,1997,GL,Porto5,Porto4,0
Navio8,36,6,34081,11,14,27,10,47,1992,GSM,Porto5,Porto3,0
Navio9,51,17,30851,16,17,10,16,62,2010,GL,Porto3,Porto5,1
Navio10,38,13,114217,19,14,21,15,108,2019,GSM,Porto3,Porto2,0
Navio11,21,17,32597,11,16,33,17,86,1992,GLP,Porto3,Porto2,0
Navio12,39,7,145564,19,11,34,5,12,2004,CG,Porto4,Porto5,0
Navio13,39,8,74761,13,15,28,8,107,2000,GLP,Porto3,Porto5,0
Navio14,27,11,88887,9,16,18,18,88,2002,CG,Porto2,Porto1,0
Navio15,16,6,82156,10,12,31,16,27,2016,GSM,Porto1,Porto4,1
Navio16,53,11,191957,18,10,29,5,115,2004,CG,Porto5,Porto5,0
Navio17,54,14,45956,19,11,12,13,54,2020,GS,Porto3,Porto5,0
Navio18,38,15,86314,19,8,28,9,81,1993,GLP,Porto4,Porto2,0
Navio19,39,14,192064,14,12,16,19,37,2004,GSM,Porto5,Porto3,0
Navio20,32,8,162584,11,16,34,13,33,2011,GLP,Porto5,Porto4,0
Navio21,52,17,152023,10,8,24,8,109,1995,CNTR,Porto2,Porto4,0
Navio22,40,11,119953,13,19,21,5,75,2006,GLP,Porto4,Porto4,0
Navio23,28,9,56433,11,18,11,14,81,1997,CG,Porto5,Porto1,0
Navio24,23,7,85497,13,12,30,11,67,2010,GSM,Porto2,Porto4,1
Navio25,24,13,52615,19,10,23,8,85,2009,GS,Porto4,Porto2,0
Navio26,35,9,68212,9,14,23,15,67,1992,CNTR,Porto4,Porto5,0
Navio27,31,16,186678,17,10,11,17,113,2022,GS,Porto3,Porto2,0
Navio28,20,14,87185,18,10,20,8,20,2008,CNTR,Porto4,Porto1,1
Navio29,30,11,64162,9,10,29,5,18,2007,GSM,Porto2,Porto1,1
Navio30,15,16,172908,18,15,33,11,24,1992,GL,Porto4,Porto2,0
Navio31,33,11,193032,13,19,23,17,103,1999,GLP,Porto4,Porto3,0
Navio32,50,7,114029,17,18,29,17,105,1996,GS,Porto4,Porto3,0
Navio33,39,17,182349,18,17,24,10,36,2011,GSM,Porto3,Porto1,0
Navio34,44,15,96799,16,18,10,7,61,1997,GL,Porto5,Porto3,0
Navio35,34,13,197964,17,14,21,10,51,2011,GSM,Porto4,Porto2,0
Navio36,34,17,184776,11,17,17,6,90,1999,GLP,Porto1,Porto1,0
Navio37,29,16,123571,10,14,13,6,51,2015,CNTR,Porto5,Porto4,1
Navio38,54,8,67330,10,8,24,19,55,2008,CG,Porto1,Porto3,1
Navio39,47,7,89029,12,10,10,13,105,1997,GLP,Porto4,Porto3,0
Navio40,16,6,49718,15,9,18,14,36,2004,GL,Porto3,Porto2,0
Navio41,24,7,77188,16,18,13,9,111,1994,GL,Porto2,Porto2,0
Navio42,47,6,145989,16,12,21,18,79,2018,GLP,Porto5,Porto2,1
Navio43,46,7,164775,13,14,33,5,87,2009,GSM,Porto4,Porto3,0
Navio44,25,7,94795,13,11,30,14,19,1999,GS,Porto1,Porto3,0
Navio45,38,12,196810,11,16,11,13,31,2017,GLP,Porto4,Porto1,0
Navio46,50,14,168021,18,19,16,9,12,2010,GS,Porto2,Porto3,0
Navio47,26,14,175415,15,19,24,12,42,1992,GS,Porto4,Porto1,0
Navio48,43,16,144000,14,15,14,10,78,2003,CNTR,Porto1,Porto2,0
Navio49,49,9,81851,8,13,20,12,50,2022,GL,Porto1,Porto4,1
Navio50,15,8,187676,16,17,13,9,16,2005,CNTR,Porto4,Porto3,0
Navio51,15,6,135782,13,8,25,8,75,1995,CNTR,Porto4,Porto2,0
Navio52,51,13,39733,19,19,32,6,63,2002,CNTR,Porto5,Porto4,0
Navio53,20,10,90177,13,10,16,14,113,1995,GS,Porto3,Porto2,0
Navio54,53,12,103294,11,9,21,15,62,2020,GLP,Porto2,Porto4,1
Navio55,55,6,43393,16,8,30,6,72,1997,GL,Porto3,Porto3,0
Navio56,32,11,65436,17,19,12,13,116,2010,GSM,Porto4,Porto2,0
Navio57,30,9,96590,17,13,33,5,73,2009,CG,Porto3,Porto3,1
Navio58,19,9,105523,15,19,13,11,86,2016,CNTR,Porto2,Porto1,0
Navio59,56,15,95664,12,17,27,19,68,2001,GSM,Porto3,Porto2,0
Navio60,57,16,179341,15,15,20,10,55,2008,CNTR,Porto2,Porto4,0
Navio61,46,10,106076,9,18,10,17,96,2007,GS,Porto1,Porto2,1
Navio62,16,15,113180,11,11,16,11,114,1990,CG,Porto1,Porto5,0
Navio63,16,6,50351,13,12,11,5,86,1994,GLP,Porto4,Porto5,0
Navio64,54,12,122787,18,12,31,15,26,2006,CG,Porto3,Porto1,1
Navio65,56,11,188653,19,15,24,9,77,2015,CG,Porto1,Porto2,0
Navio66,50,9,131376,16,9,30,17,96,2018,CG,Porto3,Porto2,1
Navio67,53,6,81613,17,15,32,11,34,2007,GLP,Porto1,Porto4,1
Navio68,26,6,31010,13,15,13,9,15,1997,GL,Porto4,Porto4,0
Navio69,33,7,63979,16,16,27,18,94,1990,GS,Porto1,Porto4,0
Navio70,42,8,108869,15,17,17,6,20,1998,GS,Porto1,Porto2,0
Navio71,15,6,75119,11,13,24,5,114,2010,GSM,Porto2,Porto2,1
Navio72,29,17,85006,13,14,33,14,70,1991,GLP,Porto4,Porto5,0
Navio73,50,17,144168,17,9,34,16,99,2017,GL,Porto5,Porto3,1
Navio74,27,8,138239,14,8,21,9,36,2005,GS,Porto3,Porto4,0
Navio75,57,8,44479,18,8,23,8,35,1999,GSM,Porto5,Porto3,0
Navio76,35,15,188697,13,8,10,14,104,2014,GLP,Porto5,Porto3,0
Navio77,26,12,54081,19,10,10,19,35,1998,GSM,Porto2,Porto1,0
Navio78,19,13,72933,11,11,28,13,79,2015,CNTR,Porto5,Porto2,1
Navio79,21,17,45766,10,9,32,17,37,2017,GS,Porto1,Porto2,1
Navio80,19,14,109309,11,14,27,8,74,1991,GLP,Porto2,Porto5,0
Navio81,18,15,123359,17,12,19,18,43,1998,GSM,Porto2,Porto2,0
Navio82,27,16,121842,9,8,15,12,12,2005,GLP,Porto2,Porto1,0
Navio83,51,14,87611,19,16,22,12,83,2014,CG,Porto4,Porto2,0
Navio84,55,8,74982,14,16,27,19,88,1998,GLP,Porto5,Porto4,0
Navio85,29,10,30947,17,14,33,8,71,2007,GLP,Porto2,Porto4,1
Navio86,30,13,189791,11,19,13,17,49,2010,GLP,Porto1,Porto5,0
Navio87,35,13,158906,15,12,13,7,33,1996,GSM,Porto1,Porto4,0
Navio88,50,17,44590,15,13,12,9,117,2008,GL,Porto2,Porto1,1
Navio89,38,11,82652,13,13,30,18,62,2016,GS,Porto4,Porto2,1
Navio90,30,17,183800,19,15,15,18,79,2005,GLP,Porto3,Porto3,0
Navio91,28,13,177948,10,15,30,12,44,1997,GL,Porto2,Porto2,0
Navio92,36,17,140309,9,17,16,19,105,1991,GSM,Porto3,Porto1,0
Navio93,20,8,177961,18,11,18,12,12,2018,GLP,Porto4,Porto2,0
Navio94,56,10,63130,15,18,10,16,110,2006,CG,Porto2,Porto2,1
Navio95,50,7,32205,13,13,22,14,88,2019,GSM,Porto2,Porto4,1
Navio96,15,7,53185,8,13,16,11,37,2002,CG,Porto1,Porto1,0
Navio97,46,7,124650,11,12,17,14,37,1991,CG,Porto2,Porto4,0
Navio98,20,13,164449,15,18,19,12,74,2019,CG,Porto2,Porto5,0
Navio99,45,15,109176,9,17,16,19,95,2020,GS,Porto2,Porto5,1
Navio100,15,6,165512,8,8,15,16,116,2007,GLP,Porto1,Porto1,0
Navio101,51,15,88883,16,17,14,14,111,1995,CNTR,Porto3,Porto1,0
Navio102,49,16,131810,9,13,17,19,27,2011,GSM,Porto1,Porto5,1
Navio103,44,6,177087,15,19,29,6,82,1995,GL,Porto1,Porto3,0
Navio104,18,8,189673,15,14,25,15,18,2014,GS,Porto2,Porto5,0
Navio105,49,7,54438,14,18,32,16,55,2005,GS,Porto2,Porto2,0
Navio106,57,10,36076,8,15,13,5,23,2013,CNTR,Porto5,Porto5,1
Navio107,28,12,174894,13,8,17,15,30,2011,CG,Porto5,Porto5,0
Navio108,54,6,154885,13,16,34,16,31,2012,CG,Porto4,Porto4,1
Navio109,36,12,49381,14,8,30,6,97,2022,GS,Porto5,Porto1,1
Navio110,24,12,85499,19,19,18,14,11,1999,GS,Porto2,Porto4,0
Navio111,15,16,182655,13,15,28,13,48,2018,CNTR,Porto4,Porto4,0
Navio112,25,8,165770,11,16,32,14,66,2018,GLP,Porto3,Porto4,0
Navio113,58,14,51515,11,16,32,13,85,2000,CNTR,Porto5,Porto2,0
Navio114,38,12,70439,16,17,31,19,34,2011,GL,Porto5,Porto1,1
Navio115,17,12,89525,11,12,24,6,103,2001,CNTR,Porto2,Porto5,0
Navio116,49,11,47310,19,8,17,17,41,2009,GLP,Porto2,Porto2,0
Navio117,50,8,123370,19,11,34,12,31,2005,GSM,Porto1,Porto4,0
Navio118,45,11,195444,17,14,12,9,102,1999,GLP,Porto1,Porto2,0
Navio119,18,6,71504,19,16,12,6,86,2014,CG,Porto5,Porto2,0
Navio120,33,16,83029,11,11,26,13,102,2009,CG,Porto5,Porto4,1
Navio121,50,9,169901,19,12,23,5,114,2004,CNTR,Porto4,Porto4,0
Navio122,35,15,111212,19,12,34,7,75,2021,GLP,Porto5,Porto2,0
Navio123,32,15,75613,11,12,23,19,105,1996,GL,Porto2,Porto2,0
Navio124,42,13,101965,14,19,11,11,64,2019,GLP,Porto2,Porto1,0
Navio125,29,17,112170,18,9,23,9,20,2018,GSM,Porto4,Porto1,1
Navio126,56,17,104907,18,19,20,10,102,2006,GL,Porto3,Porto4,0
Navio127,16,6,58391,12,11,33,11,58,1995,GL,Porto3,Porto4,0
Navio128,51,16,38318,10,16,31,18,116,2008,CNTR,Porto2,Porto2,1
Navio129,25,10,100731,13,16,23,15,111,2007,CNTR,Porto1,Porto3,1
Navio130,37,7,33278,9,11,33,5,31,2016,CNTR,Porto3,Porto1,1
Navio131,58,9,41531,16,10,31,11,85,2013,GSM,Porto1,Porto3,1
Navio132,55,11,99066,17,9,16,14,14,2006,GS,Porto2,Porto2,1
Navio133,26,13,169097,16,12,28,9,112,2011,GSM,Porto2,Porto5,0
Navio134,17,12,170978,13,15,33,16,118,2011,GLP,Porto1,Porto5,0
Navio135,31,17,37208,16,14,17,12,88,2016,GS,Porto2,Porto5,1
Navio136,47,17,167502,11,16,23,6,63,2016,GL,Porto5,Porto5,0
Navio137,15,8,50043,8,8,30,13,109,1994,GLP,Porto2,Porto2,0
Navio138,53,13,59987,14,9,13,18,65,2003,CNTR,Porto5,Porto1,0
Navio139,34,9,165636,11,9,20,19,113,1999,GSM,Porto4,Porto1,0
Navio140,57,10,114932,9,11,13,17,52,1996,CG,Porto1,Porto3,0
Navio141,55,15,34868,19,15,15,10,105,2002,CG,Porto3,Porto4,0
Navio142,28,13,190433,15,16,15,13,53,1995,GS,Porto4,Porto5,0
Navio143,45,6,150511,16,12,32,10,82,2021,CNTR,Porto1,Porto1,1
Navio144,39,6,45165,11,14,11,10,32,2018,GSM,Porto3,Porto2,1
Navio145,17,7,30603,15,19,28,5,49,2008,GS,Porto5,Porto4,0
Navio146,18,14,127903,19,18,10,16,50,2015,CNTR,Porto3,Porto3,0
Navio147,45,9,53763,14,10,22,19,44,2018,CG,Porto5,Porto3,1
Navio148,49,11,134538,15,14,23,12,45,2005,GSM,Porto2,Porto1,0
Navio149,58,16,140106,17,17,12,13,110,2021,CG,Porto2,Porto2,1
Navio150,28,6,68834,14,8,31,19,62,2018,GSM,Porto5,Porto2,1
Navio151,55,7,171535,17,8,28,10,105,2021,GL,Porto4,Porto1,0
Navio152,23,16,50318,14,10,26,5,69,2001,GS,Porto3,Porto1,0
Navio153,34,7,138305,15,17,13,12,46,2015,GS,Porto5,Porto1,1
Navio154,46,9,154615,16,17,22,13,59,2008,CG,Porto4,Porto1,1
Navio155,23,13,103528,13,8,18,11,28,2022,CNTR,Porto3,Porto2,1
Navio156,41,15,45347,14,13,13,16,63,2016,CG,Porto4,Porto2,1
Navio157,17,9,192595,11,8,19,15,23,2020,GS,Porto5,Porto1,0
Navio158,18,13,42079,15,18,22,5,64,1994,GLP,Porto3,Porto2,0
Navio159,59,6,163168,10,12,27,5,73,2004,CNTR,Porto3,Porto3,0
Navio160,29,8,157351,19,15,21,14,67,1995,GLP,Porto4,Porto2,0
Navio161,47,10,114935,15,15,25,17,57,2022,GLP,Porto2,Porto2,1
Navio162,19,16,184229,16,9,10,9,21,1990,CNTR,Porto3,Porto4,0
Navio163,18,10,57203,10,16,23,17,117,1994,GS,Porto4,Porto2,0
Navio164,26,12,82859,11,14,32,10,95,2011,GS,Porto2,Porto1,1
Navio165,37,6,54263,9,13,30,19,74,2010,GS,Porto1,Porto1,1
Navio166,28,7,130670,16,9,16,9,51,2004,CNTR,Porto4,Porto1,0
Navio167,26,13,110840,19,13,14,17,27,1995,CG,Porto3,Porto5,0
Navio168,31,12,81493,9,12,11,6,27,2002,GLP,Porto1,Porto2,0
Navio169,39,11,98613,8,10,13,8,43,1993,GLP,Porto5,Porto4,0
Navio170,44,11,95591,18,14,19,9,50,2019,GS,Porto1,Porto1,1
Navio171,36,13,125662,18,18,32,11,109,2008,GL,Porto1,Porto1,1
Navio172,40,17,121329,8,9,24,14,45,1999,GS,Porto1,Porto5,0
Navio173,31,9,199282,13,19,28,14,44,1993,GSM,Porto2,Porto3,0
Navio174,34,17,84334,9,9,34,5,101,1995,GS,Porto2,Porto5,0
Navio175,48,12,182765,18,19,34,9,109,1998,GS,Porto2,Porto1,0
Navio176,55,14,157170,13,15,24,19,42,1999,GLP,Porto1,Porto1,0
Navio177,47,14,99002,8,17,28,18,34,2007,GS,Porto3,Porto2,1
Navio178,51,8,197956,11,13,19,6,19,2013,CG,Porto3,Porto3,0
Navio179,21,16,199742,16,12,29,6,101,1993,CG,Porto1,Porto1,0
Navio180,36,7,164776,8,18,12,6,55,1993,CNTR,Porto1,Porto4,0
Navio181,46,6,115262,16,9,20,14,36,1995,GS,Porto3,Porto1,0
Navio182,28,14,105378,17,13,27,11,23,2001,GL,Porto4,Porto5,0
Navio183,22,17,112670,12,15,11,15,46,2005,CG,Porto5,Porto5,0
Navio184,39,13,30819,14,16,31,11,52,2020,CNTR,Porto1,Porto2,1
Navio185,30,13,168272,19,10,32,6,34,1990,GS,Porto1,Porto1,0
Navio186,56,6,186055,17,12,27,8,58,2006,CNTR,Porto2,Porto1,0
Navio187,33,10,117801,8,17,33,8,61,1997,GS,Porto2,Porto2,0
Navio188,55,17,88203,19,15,24,19,102,2007,GLP,Porto1,Porto1,0
Navio189,30,17,100406,9,10,32,18,109,2007,GL,Porto4,Porto3,1
Navio190,26,14,125297,15,16,25,11,41,2005,GLP,Porto4,Porto2,0
Navio191,53,6,32556,10,10,28,9,42,2015,GS,Porto2,Porto2,1
Navio192,44,10,101366,14,9,28,9,54,1998,GSM,Porto5,Porto3,0
Navio193,16,11,156652,11,16,21,18,100,2005,GS,Porto1,Porto4,0
Navio194,46,13,141500,12,15,32,19,18,1991,CG,Porto4,Porto1,0
Navio195,59,8,182483,12,9,34,17,27,2018,GS,Porto4,Porto1,0
Navio196,39,10,185710,19,11,15,6,32,2017,CNTR,Porto1,Porto4,0
Navio197,39,15,95978,19,18,21,17,39,1992,GSM,Porto5,Porto5,0
Navio198,18,13,116604,13,13,16,9,10,2004,GSM,Porto2,Porto2,0
Navio199,33,11,129329,8,16,19,8,16,2014,GL,Porto1,Porto2,1
Navio200,18,6,175108,8,9,21,10,89,2014,CG,Porto5,Porto5,0
Navio201,57,10,178173,16,11,25,9,31,2009,GS,Porto3,Porto3,0
Navio202,27,15,39818,19,17,22,5,92,1995,GLP,Porto3,Porto5,0
Navio203,53,10,158590,14,9,22,6,77,2016,GL,Porto5,Porto3,0
Navio204,50,6,158269,14,18,23,6,33,2002,GS,Porto2,Porto2,0
Navio205,37,8,133400,18,10,15,6,68,2016,GLP,Porto1,Porto1,1
Navio206,20,11,179353,12,15,28,12,21,2005,GS,Porto4,Porto3,0
Navio207,38,11,159727,16,19,19,13,64,2005,CNTR,Porto1,Porto2,0
Navio208,58,9,191179,17,13,18,7,74,2011,GL,Porto2,Porto2,0
Navio209,47,6,105501,8,18,31,10,110,2019,CG,Porto3,Porto3,1
Navio210,26,6,149309,15,16,18,7,34,2012,GSM,Porto1,Porto4,1
Navio211,55,7,104296,13,13,18,8,78,1993,GSM,Porto5,Porto3,0
Navio212,35,15,103786,14,11,10,15,51,2015,CNTR,Porto1,Porto2,1
Navio213,25,15,123201,11,10,10,5,44,2005,GL,Porto1,Porto1,0
Navio214,58,8,190982,18,13,22,12,76,2015,GLP,Porto3,Porto5,0
Navio215,52,7,45199,17,12,30,8,18,1993,CG,Porto3,Porto4,0
Navio216,43,6,94473,8,16,30,14,45,2010,CNTR,Porto4,Porto2,1
Navio217,55,7,69132,12,9,31,9,116,2013,CNTR,Porto3,Porto1,1
Navio218,17,12,127485,10,8,28,18,14,1993,CG,Porto3,Porto4,0
Navio219,42,9,120503,9,16,25,6,77,2013,GS,Porto1,Porto1,1
Navio220,34,10,134721,18,16,33,19,46,1993,CNTR,Porto3,Porto2,0
Navio221,40,9,102388,15,12,32,17,76,1999,CG,Porto1,Porto1,0
Navio222,38,12,150363,9,8,22,11,22,2020,CG,Porto1,Porto2,1
Navio223,35,10,57055,8,12,27,9,73,2005,GSM,Porto5,Porto1,0
Navio224,44,8,74766,10,10,33,11,99,1990,GLP,Porto1,Porto1,0
Navio225,18,9,178828,15,15,19,6,34,2005,GSM,Porto4,Porto4,0
Navio226,50,12,181033,16,12,23,18,43,2016,GS,Porto1,Porto5,0
Navio227,54,9,169080,18,12,12,18,57,2014,GLP,Porto1,Porto4,0
Navio228,24,9,115690,16,13,10,13,58,2016,GL,Porto2,Porto3,1
Navio229,24,14,103499,8,14,19,6,54,1992,CNTR,Porto4,Porto3,0
Navio230,56,7,63671,14,11,16,5,109,1999,CG,Porto2,Porto2,0
Navio231,38,9,131045,13,15,33,7,66,2022,GS,Porto5,Porto1,1
Navio232,18,17,42151,12,8,13,19,109,2002,GL,Porto1,Porto4,0
Navio233,41,9,43816,15,17,29,15,19,2011,CNTR,Porto4,Porto1,1
Navio234,59,7,105802,12,12,16,6,57,1992,GL,Porto4,Porto5,0
Navio235,18,11,149499,8,12,11,13,14,2019,GLP,Porto5,Porto1,1
Navio236,46,9,78933,14,18,11,10,85,1998,GLP,Porto3,Porto2,0
Navio237,24,12,50913,18,13,15,14,114,2010,GSM,Porto4,Porto4,1
Navio238,25,17,45892,12,18,11,10,36,2022,CNTR,Porto3,Porto3,1
Navio239,42,10,83725,14,16,11,13,19,2018,GSM,Porto5,Porto5,1
Navio240,22,14,49319,12,19,13,13,99,1990,GL,Porto3,Porto1,0
Navio241,54,11,102120,8,13,32,6,83,2000,CNTR,Porto5,Porto5,0
Navio242,36,13,190183,10,14,15,10,38,1993,GSM,Porto1,Porto5,0
Navio243,48,16,153031,16,9,28,5,99,1991,CG,Porto1,Porto5,0
Navio244,59,16,81897,19,12,11,10,119,2015,GLP,Porto1,Porto5,0
Navio245,49,7,150457,15,19,13,5,78,2002,CNTR,Porto2,Porto4,0
Navio246,49,16,32688,16,13,23,16,40,2000,GS,Porto4,Porto5,0
Navio247,39,14,127894,18,11,12,8,57,2012,GL,Porto5,Porto5,1
Navio248,48,8,180578,14,17,25,11,43,2019,CNTR,Porto3,Porto4,0
Navio249,20,6,94451,12,14,21,19,103,2000,GS,Porto5,Porto2,0
Navio250,55,6,93228,12,16,11,10,103,1993,GSM,Porto2,Porto3,0
Navio251,51,10,164693,17,15,19,17,94,2022,CNTR,Porto3,Porto3,0
Navio252,15,8,85224,16,12,19,5,63,1999,GS,Porto2,Porto5,0
Navio253,26,17,162990,12,18,21,10,90,1995,GLP,Porto3,Porto5,0
Navio254,49,7,42933,19,15,26,18,105,2020,GSM,Porto4,Porto3,0
Navio255,20,17,140651,13,16,19,9,48,1995,CG,Porto1,Porto1,0
Navio256,31,8,169216,11,9,10,7,75,2018,CG,Porto1,Porto1,0
Navio257,23,8,84746,12,12,31,18,75,1999,GL,Porto4,Porto5,0
Navio258,16,9,126031,18,13,14,13,119,2020,GSM,Porto4,Porto3,1
Navio259,32,10,162038,19,13,21,15,40,2021,GLP,Porto1,Porto1,0
Navio260,50,16,164347,10,11,13,10,51,1991,GSM,Porto5,Porto1,0
Navio261,42,13,51151,10,16,34,8,47,2008,CNTR,Porto3,Porto3,1
Navio262,55,11,181642,15,11,22,15,52,1993,GSM,Porto5,Porto1,0
Navio263,51,7,59735,17,13,12,15,11,1995,GLP,Porto5,Porto3,0
Navio264,40,16,194597,13,11,10,14,72,2007,CNTR,Porto4,Porto4,0
Navio265,18,9,146914,10,12,14,12,15,2017,GLP,Porto1,Porto5,1
Navio266,54,7,77398,19,14,34,5,24,1997,CG,Porto3,Porto3,0
Navio267,50,6,69492,9,9,20,5,19,2021,CNTR,Porto1,Porto2,1
Navio268,45,7,106155,12,17,13,17,95,2022,GSM,Porto1,Porto3,1
Navio269,44,10,75607,12,17,21,19,77,2016,GL,Porto1,Porto4,1
Navio270,48,16,99759,9,15,19,7,40,2020,CNTR,Porto4,Porto2,1
Navio271,33,16,107007,16,14,33,19,33,2014,GL,Porto1,Porto1,1
Navio272,32,6,79165,17,13,15,18,91,2007,CNTR,Porto1,Porto2,1
Navio273,44,16,88531,19,10,11,10,20,2007,GS,Porto3,Porto2,0
Navio274,35,8,71446,10,17,13,8,57,1995,GS,Porto4,Porto1,0
Navio275,17,7,115387,13,19,20,8,65,1996,GLP,Porto5,Porto2,0
Navio276,20,9,30359,16,11,26,18,58,2018,CG,Porto2,Porto1,1
Navio277,52,7,50811,10,13,30,7,16,2010,CNTR,Porto1,Porto2,1
Navio278,27,10,109670,17,18,11,6,80,1991,GSM,Porto1,Porto1,0
Navio279,59,13,60116,12,16,13,18,31,2007,CG,Porto3,Porto3,1
Navio280,17,11,67970,19,11,23,7,45,1997,CG,Porto5,Porto4,0
Navio281,42,12,122363,17,9,14,7,117,2011,CG,Porto2,Porto4,1
Navio282,36,15,114659,14,17,18,8,37,2010,CNTR,Porto3,Porto2,1
Navio283,54,8,150762,9,14,34,7,26,2000,GL,Porto2,Porto4,0
Navio284,54,11,128384,18,18,15,9,48,1997,GL,Porto3,Porto4,0
Navio285,26,16,128844,10,15,20,16,46,1998,CNTR,Porto3,Porto2,0
Navio286,37,8,143033,14,16,10,10,17,2011,CNTR,Porto4,Porto1,1
Navio287,45,8,158869,10,9,13,8,24,2012,GLP,Porto3,Porto5,0
Navio288,32,7,140737,8,17,31,6,47,2005,GL,Porto5,Porto3,0
Navio289,21,9,185884,19,15,18,7,78,2015,GS,Porto4,Porto4,0
Navio290,22,14,187337,8,11,23,8,41,2020,GL,Porto2,Porto2,0
Navio291,33,9,164494,14,15,10,15,82,2003,CNTR,Porto4,Porto1,0
Navio292,43,6,62869,17,17,20,13,45,2012,GLP,Porto2,Porto2,1
Navio293,58,13,68587,14,12,15,14,81,1999,GL,Porto2,Porto5,0
Navio294,34,9,88747,10,9,31,19,97,2017,CNTR,Porto2,Porto4,1
Navio295,56,14,87310,11,9,18,8,68,2020,CNTR,Porto3,Porto5,1
Navio296,44,8,51497,10,16,23,17,66,2002,GS,Porto5,Porto1,0
Navio297,36,10,59755,8,18,12,6,77,2004,CG,Porto4,Porto3,0
Navio298,24,9,72170,17,10,10,15,117,2002,GL,Porto2,Porto4,0
Navio299,40,7,66114,14,8,33,12,91,2001,GS,Porto5,Porto1,0
Navio300,47,12,102204,9,16,22,6,114,2017,GSM,Porto2,Porto2,1
Navio301,42,16,32945,18,13,17,5,63,2012,CNTR,Porto2,Porto2,1
Navio302,24,16,174667,12,13,26,6,37,1992,CG,Porto1,Porto3,0
Navio303,43,11,40179,12,11,25,16,46,2016,GL,Porto2,Porto3,1
Navio304,58,16,105709,10,8,29,13,110,1992,GLP,Porto1,Porto4,0
Navio305,32,14,194624,13,9,27,7,91,1990,GL,Porto1,Porto1,0
Navio306,56,17,197686,18,15,10,5,43,2005,GLP,Porto2,Porto1,0
Navio307,15,10,53040,10,12,34,11,50,2010,GLP,Porto5,Porto3,1
Navio308,37,9,183607,11,18,10,9,119,2015,GS,Porto5,Porto5,0
Navio309,31,12,159689,10,12,21,14,50,2005,GS,Porto3,Porto3,0
Navio310,57,11,64619,11,12,20,15,93,2014,GL,Porto1,Porto3,1
Navio311,51,9,141103,16,12,16,16,41,1993,GSM,Porto5,Porto2,0
Navio312,45,13,197637,18,13,28,17,96,1998,GSM,Porto5,Porto3,0
Navio313,39,14,180728,10,14,11,6,13,2010,GL,Porto3,Porto5,0
Navio314,18,14,61343,12,16,29,12,118,1993,GS,Porto1,Porto2,0
Navio315,23,16,183668,15,12,30,18,10,2009,GL,Porto2,Porto2,0
Navio316,42,9,91531,18,12,15,8,42,2022,CG,Porto1,Porto5,1
Navio317,44,13,71741,11,18,27,17,15,1996,GLP,Porto4,Porto5,0
Navio318,38,14,127933,11,15,32,6,114,2006,CNTR,Porto5,Porto2,1
Navio319,47,11,46712,18,15,20,8,17,1997,GS,Porto3,Porto2,0
Navio320,34,13,105102,11,12,22,15,79,2013,CNTR,Porto1,Porto2,1
Navio321,23,8,186812,14,13,19,18,25,2010,CG,Porto3,Porto5,0
Navio322,22,13,122392,10,15,27,14,119,1992,GS,Porto4,Porto1,0
Navio323,38,14,37696,13,12,13,8,98,2021,GL,Porto2,Porto4,1
Navio324,28,6,185926,16,17,18,17,116,2016,CNTR,Porto2,Porto4,0
Navio325,32,13,91797,15,13,12,7,85,1996,GL,Porto5,Porto3,0
Navio326,15,10,169515,19,17,20,17,74,2003,GSM,Porto1,Porto5,0
Navio327,26,14,33962,11,9,16,12,43,2020,GS,Porto4,Porto2,1
Navio328,43,10,39124,11,12,10,19,44,2013,CG,Porto1,Porto1,1
Navio329,51,10,54299,15,8,14,15,42,1994,GS,Porto1,Porto3,0
Navio330,40,16,140779,19,9,14,18,72,1998,CNTR,Porto3,Porto3,0
Navio331,47,6,139602,10,11,22,18,56,2006,GS,Porto5,Porto2,1
Navio332,57,10,183990,10,17,10,18,66,1991,CNTR,Porto5,Porto5,0
Navio333,29,16,194184,8,10,29,8,76,2006,GLP,Porto1,Porto4,0
Navio334,37,14,88956,15,8,13,6,66,1994,GLP,Porto1,Porto1,0
Navio335,43,6,93071,18,15,32,8,41,2016,GS,Porto4,Porto2,1
Navio336,35,6,138080,19,18,17,17,90,2001,CG,Porto1,Porto1,0
Navio337,33,10,148565,8,10,32,13,80,1995,GS,Porto5,Porto5,0
Navio338,19,13,131834,17,17,33,8,20,2020,GLP,Porto3,Porto5,1
Navio339,37,9,102305,13,18,27,15,32,2014,CNTR,Porto4,Porto3,1
Navio340,50,13,188572,12,18,32,18,64,2001,CG,Porto3,Porto2,0
Navio341,34,13,102708,16,8,34,11,24,2007,GSM,Porto1,Porto3,1
Navio342,22,8,119695,14,9,21,9,45,1995,GSM,Porto4,Porto3,0
Navio343,23,17,195503,12,16,12,12,62,2016,CNTR,Porto3,Porto1,0
Navio344,28,8,184122,19,9,31,16,77,2015,CG,Porto4,Porto2,0
Navio345,20,7,34893,9,18,22,10,116,2003,GS,Porto2,Porto2,0
Navio346,15,13,92305,14,9,26,18,58,2010,GL,Porto2,Porto5,1
Navio347,23,17,195104,13,13,12,12,61,1994,GL,Porto5,Porto4,0
Navio348,30,6,31549,16,17,22,18,112,2005,CNTR,Porto4,Porto2,0
Navio349,30,13,135900,18,14,31,17,116,1992,GS,Porto4,Porto3,0
Navio350,26,11,77155,15,14,19,7,68,1997,GS,Porto5,Porto2,0
Navio351,19,15,186779,12,16,13,18,96,2000,GSM,Porto2,Porto4,0
Navio352,54,13,73762,10,9,10,18,55,2017,GL,Porto4,Porto1,1
Navio353,43,7,99541,19,13,23,15,55,2003,GS,Porto5,Porto5,0
Navio354,41,7,138046,10,17,15,7,111,2002,GSM,Porto5,Porto5,0
Navio355,25,8,47060,17,13,28,19,90,2001,CG,Porto4,Porto2,0
Navio356,42,10,143778,8,14,13,6,107,1990,CNTR,Porto2,Porto1,0
Navio357,50,7,108980,9,19,20,18,30,2020,GLP,Porto3,Porto2,0
Navio358,56,10,136482,12,17,29,8,49,1996,CNTR,Porto2,Porto5,0
Navio359,33,11,128607,17,8,22,14,108,2021,CNTR,Porto4,Porto1,1
Navio360,49,14,138416,12,11,19,7,52,1991,GSM,Porto4,Porto2,0
Navio361,45,8,107617,11,18,26,10,71,2007,GS,Porto4,Porto5,1
Navio362,58,7,82133,8,15,16,12,64,1991,CG,Porto2,Porto2,0
Navio363,33,12,42747,13,10,22,5,106,2006,GSM,Porto3,Porto3,1
Navio364,38,9,46878,19,17,25,18,107,2002,GS,Porto3,Porto4,0
Navio365,16,6,59968,18,8,16,11,58,1990,GS,Porto5,Porto3,0
Navio366,21,9,146490,16,17,27,16,59,2012,GS,Porto5,Porto1,1
Navio367,57,15,66357,16,18,16,16,105,2022,CG,Porto1,Porto3,1
Navio368,45,11,119007,15,17,15,17,95,2006,CNTR,Porto1,Porto5,1
Navio369,31,7,187251,10,17,32,11,10,2017,GSM,Porto1,Porto5,0
Navio370,41,9,70102,13,15,22,6,32,2014,GLP,Porto1,Porto2,1
Navio371,50,13,135456,9,18,12,5,73,1992,GSM,Porto3,Porto3,0
Navio372,57,7,36238,13,15,10,14,91,2020,GSM,Porto4,Porto1,1
Navio373,24,7,67857,10,14,27,11,74,2020,GLP,Porto3,Porto4,1
Navio374,59,13,105884,9,18,34,10,47,1995,GS,Porto3,Porto3,0
Navio375,28,15,186703,10,19,20,18,55,2014,CNTR,Porto5,Porto1,0
Navio376,21,10,46979,18,15,10,12,57,1996,CNTR,Porto3,Porto3,0
Navio377,53,8,61810,17,19,14,11,18,2003,GLP,Porto1,Porto3,0
Navio378,54,17,106959,14,8,18,11,58,2007,CNTR,Porto5,Porto2,1
Navio379,23,6,180291,19,14,28,12,51,2008,GL,Porto1,Porto5,0
Navio380,28,17,192365,15,8,23,6,43,2009,CNTR,Porto5,Porto4,0
Navio381,22,9,161681,12,10,17,12,95,1992,CNTR,Porto5,Porto4,0
Navio382,31,8,107740,14,14,18,12,111,2013,GL,Porto2,Porto3,1
Navio383,37,10,106020,9,16,26,15,106,2007,CNTR,Porto5,Porto2,1
Navio384,30,6,42012,13,16,32,8,90,2022,GL,Porto2,Porto3,1
Navio385,40,6,145126,15,14,20,18,27,2008,GSM,Porto4,Porto3,1
Navio386,23,16,107534,13,11,25,14,36,1998,GLP,Porto1,Porto1,0
Navio387,50,15,175895,12,10,30,13,15,2002,CG,Porto3,Porto2,0
Navio388,21,17,101884,16,11,26,12,53,1991,CG,Porto4,Porto1,0
Navio389,32,9,193920,10,9,31,16,32,2019,GL,Porto3,Porto3,0
Navio390,22,14,163630,17,18,33,16,78,2002,GLP,Porto1,Porto4,0
Navio391,35,9,39350,14,12,11,14,66,1990,GSM,Porto3,Porto3,0
Navio392,40,6,191220,9,8,12,12,83,2016,GS,Porto5,Porto4,0
Navio393,17,10,116829,16,16,26,6,95,2020,CG,Porto4,Porto1,1
Navio394,31,10,118570,18,10,21,11,53,2013,CG,Porto2,Porto3,1
Navio395,38,6,72654,15,14,34,13,31,2012,GSM,Porto3,Porto3,1
Navio396,39,8,75644,17,15,25,5,73,2002,GSM,Porto4,Porto1,0
Navio397,19,17,105643,9,18,25,16,66,1992,GSM,Porto2,Porto4,0
Navio398,51,11,34789,9,15,15,9,35,2015,GSM,Porto1,Porto1,1
Navio399,59,11,189137,9,16,32,8,25,2006,CNTR,Porto1,Porto3,0
Navio400,38,14,128906,17,8,32,18,43,2010,GS,Porto4,Porto2,1
Navio401,45,8,147894,15,10,29,17,98,2004,GSM,Porto2,Porto3,0
Navio402,40,13,169896,17,9,12,13,79,1995,GLP,Porto4,Porto1,0
Navio403,35,17,49610,16,14,22,11,72,2021,GS,Porto4,Porto3,1
Navio404,48,9,36382,17,11,22,15,80,2006,GS,Porto2,Porto4,1
Navio405,52,12,108105,11,18,30,14,65,1990,GSM,Porto5,Porto4,0
Navio406,38,7,191727,18,14,24,14,23,2012,CG,Porto3,Porto3,0
Navio407,42,6,114699,18,15,11,14,101,2008,CG,Porto3,Porto2,1
Navio408,44,8,180078,13,17,21,11,22,2018,GLP,Porto3,Porto1,0
Navio409,48,8,149725,9,12,24,9,12,2001,GSM,Porto4,Porto1,0
Navio410,37,11,30107,9,8,24,9,94,1999,GSM,Porto3,Porto2,0
Navio411,22,11,100469,8,16,34,16,72,1991,GL,Porto4,Porto1,0
Navio412,56,7,198985,19,10,21,12,10,2005,GLP,Porto4,Porto5,0
Navio413,24,16,79420,15,18,16,5,29,2010,CG,Porto2,Porto1,1
Navio414,15,8,144228,14,11,12,7,45,2016,GSM,Porto1,Porto2,1
Navio415,34,17,71725,10,10,19,19,96,2002,GS,Porto2,Porto5,0
Navio416,51,14,135032,18,16,31,19,29,2005,GL,Porto5,Porto2,0
Navio417,32,13,100106,14,8,20,12,11,1995,CNTR,Porto3,Porto1,0
Navio418,35,9,96911,12,14,27,19,40,2011,CG,Porto2,Porto1,1
Navio419,18,13,164373,9,14,16,9,119,2018,GS,Porto2,Porto5,0
Navio420,57,9,65110,8,17,16,8,109,1997,GSM,Porto2,Porto4,0
Navio421,16,7,113120,12,19,21,16,70,2009,CG,Porto5,Porto2,0
Navio422,35,6,179180,12,13,26,5,86,1996,GLP,Porto5,Porto3,0
Navio423,51,7,79670,15,17,23,19,73,2002,CNTR,Porto3,Porto2,0
Navio424,19,6,79783,8,15,24,8,35,1999,GS,Porto1,Porto5,0
Navio425,31,14,120625,8,11,29,15,59,2016,GSM,Porto3,Porto2,1
Navio426,25,14,57841,15,14,17,5,27,2010,GL,Porto1,Porto4,1
Navio427,55,16,89005,17,16,26,10,90,2021,GSM,Porto1,Porto2,1
Navio428,45,11,113221,8,13,16,14,25,2010,GSM,Porto5,Porto2,1
Navio429,42,9,173062,14,10,18,15,35,2006,GL,Porto5,Porto2,0
Navio430,58,16,180692,17,16,25,19,89,2022,GS,Porto2,Porto3,0
Navio431,46,16,107466,12,17,12,6,67,2017,GS,Porto3,Porto4,1
Navio432,35,9,113604,14,9,20,7,50,2002,GLP,Porto1,Porto5,0
Navio433,21,7,108164,18,18,19,6,37,2021,GL,Porto1,Porto4,1
Navio434,24,6,93729,15,12,20,8,20,2013,GL,Porto1,Porto2,1
Navio435,42,12,172190,14,8,18,17,18,2008,GSM,Porto2,Porto5,0
Navio436,50,7,81102,14,17,20,9,98,2016,GSM,Porto5,Porto4,1
Navio437,34,12,84836,14,12,20,7,30,2003,GS,Porto5,Porto4,0
Navio438,27,15,78724,8,15,27,14,118,2020,GL,Porto2,Porto3,1
Navio439,33,11,91758,15,8,13,15,89,2005,GS,Porto3,Porto3,0
Navio440,25,16,125675,13,17,14,19,104,1992,CNTR,Porto3,Porto4,0
Navio441,49,13,63421,10,9,14,8,61,2001,GL,Porto2,Porto5,0
Navio442,48,6,55353,10,12,27,17,99,1994,GL,Porto5,Porto2,0
Navio443,58,17,160650,12,8,27,14,110,1997,GS,Porto3,Porto2,0
Navio444,18,7,96533,8,8,31,6,66,2007,GSM,Porto1,Porto3,1
Navio445,27,10,191314,12,17,25,19,19,2009,GSM,Porto1,Porto2,0
Navio446,51,15,199798,15,8,32,16,105,1990,CNTR,Porto5,Porto5,0
Navio447,16,11,43737,11,11,18,17,45,2018,CNTR,Porto2,Porto1,1
Navio448,15,7,161053,16,16,11,18,83,2005,CG,Porto2,Porto3,0
Navio449,54,12,76117,14,14,25,6,19,1996,CG,Porto3,Porto2,0
Navio450,39,16,123498,14,10,19,11,26,1998,CNTR,Porto5,Porto4,0
Navio451,51,11,51077,13,8,21,9,113,2003,GLP,Porto5,Porto1,0
Navio452,50,10,166195,10,17,26,18,23,2005,GL,Porto3,Porto5,0
Navio453,20,10,109947,14,14,25,13,107,2005,CNTR,Porto5,Porto5,0
Navio454,21,10,115738,14,13,26,19,50,2017,GS,Porto5,Porto3,1
Navio455,18,13,123451,13,14,26,15,107,2009,GS,Porto3,Porto1,1
Navio456,49,8,89805,8,19,12,8,63,1990,GS,Porto5,Porto2,0
Navio457,55,8,116739,10,17,18,6,117,2000,CG,Porto3,Porto3,0
Navio458,48,12,199242,9,9,11,5,55,2000,CNTR,Porto4,Porto1,0
Navio459,43,11,126619,14,12,26,18,29,2022,CG,Porto2,Porto5,1
Navio460,19,16,102447,9,12,24,6,22,1994,GS,Porto2,Porto4,0
Navio461,41,17,50560,12,10,18,12,19,1993,GL,Porto5,Porto5,0
Navio462,47,17,88531,10,17,11,5,51,1999,GS,Porto1,Porto4,0
Navio463,24,17,129892,19,19,24,19,26,1990,GS,Porto1,Porto3,0
Navio464,20,9,127872,9,18,32,13,45,2018,GL,Porto2,Porto1,1
Navio465,48,6,151226,13,10,23,9,79,2020,GLP,Porto1,Porto3,1
Navio466,22,14,162041,10,19,10,16,111,2007,GLP,Porto3,Porto3,0
Navio467,45,14,42387,9,12,22,14,43,1995,GSM,Porto3,Porto2,0
Navio468,23,7,174281,13,17,18,15,45,1995,GL,Porto4,Porto5,0
Navio469,35,14,82378,10,18,34,16,79,2014,GL,Porto1,Porto5,1
Navio470,22,13,112483,14,11,10,12,100,2011,GLP,Porto2,Porto4,1
Navio471,18,11,81483,14,11,34,15,103,2003,CNTR,Porto4,Porto1,0
Navio472,36,13,89524,18,14,29,14,59,2013,CNTR,Porto5,Porto3,1
Navio473,42,15,148118,10,19,29,6,42,2019,CG,Porto3,Porto4,0
Navio474,59,10,152581,8,18,10,15,56,2001,GL,Porto2,Porto2,0
Navio475,18,6,56727,12,8,20,14,86,2001,GS,Porto2,Porto2,0
Navio476,53,13,97825,13,16,21,13,45,2011,GSM,Porto1,Porto2,1
Navio477,35,8,197703,15,17,33,13,117,2017,CG,Porto2,Porto5,0
Navio478,22,9,144662,11,13,14,6,55,1992,GSM,Porto5,Porto2,0
Navio479,34,15,37531,14,18,28,9,14,1997,GLP,Porto1,Porto1,0
Navio480,46,11,47942,13,13,27,6,116,2005,CG,Porto1,Porto3,0
Navio481,15,10,129676,13,10,16,19,15,1990,GL,Porto4,Porto2,0
Navio482,20,6,165150,17,8,28,6,51,2020,CG,Porto1,Porto3,0
Navio483,42,17,58817,18,12,29,15,99,2002,GSM,Porto4,Porto4,0
Navio484,58,16,135896,10,8,30,18,99,2006,GS,Porto5,Porto5,1
Navio485,45,10,102317,8,13,25,10,64,2019,GS,Porto2,Porto2,1
Navio486,24,11,104206,13,10,19,5,63,2013,CNTR,Porto5,Porto1,1
Navio487,34,16,117492,9,11,17,9,13,1997,GS,Porto1,Porto2,0
Navio488,22,14,171074,11,10,12,13,54,1994,GLP,Porto2,Porto2,0
Navio489,36,7,35250,18,17,10,12,37,2021,GL,Porto2,Porto4,1
Navio490,52,10,111947,8,16,27,9,99,2022,CNTR,Porto3,Porto1,1
Navio491,43,14,145080,15,17,16,18,54,1993,CG,Porto5,Porto2,0
Navio492,23,6,33819,9,8,22,16,59,2004,GS,Porto4,Porto1,0
Navio493,58,7,84479,17,14,34,16,51,1992,GL,Porto5,Porto5,0
Navio494,15,7,68451,11,8,24,17,92,2006,GL,Porto5,Porto1,1
Navio495,55,14,161287,14,17,24,18,84,2021,GSM,Porto2,Porto4,0
Navio496,53,15,158943,13,9,17,14,69,2013,CG,Porto5,Porto1,0
Navio497,40,10,172143,14,11,19,19,100,2015,CNTR,Porto5,Porto1,0
Navio498,25,15,49614,17,13,17,10,94,2017,GS,Porto5,Porto5,1
Navio499,49,6,192734,14,9,23,5,106,2019,CG,Porto3,Porto5,0
Navio500,38,9,124094,9,10,11,7,22,2013,GLP,Porto2,Porto3,1
Navio501,47,6,61918,19,19,13,16,91,2002,CG,Porto4,Porto1,0
Navio502,34,13,57821,13,8,12,19,103,2002,GS,Porto1,Porto2,0
Navio503,41,6,58932,18,13,17,7,83,1990,CG,Porto2,Porto5,0
Navio504,29,14,185711,12,14,12,6,79,2020,GL,Porto3,Porto5,0
Navio505,47,17,114168,15,17,34,17,76,2007,GL,Porto4,Porto4,1
Navio506,21,7,99751,14,9,17,15,75,2018,GSM,Porto1,Porto1,1
Navio507,48,8,114282,11,10,32,14,66,1999,GLP,Porto2,Porto1,0
Navio508,59,14,173049,10,14,13,6,109,1992,CG,Porto1,Porto1,0
Navio509,56,11,135996,11,14,31,15,29,2000,GS,Porto3,Porto4,0
Navio510,19,14,108493,14,15,10,13,113,2018,GLP,Porto5,Porto2,1
Navio511,44,8,180094,13,8,14,8,30,1992,GL,Porto1,Porto2,0
Navio512,42,7,52888,15,13,31,16,47,1998,CG,Porto2,Porto2,0
Navio513,32,9,100332,19,12,21,14,21,2006,GLP,Porto3,Porto3,0
Navio514,50,11,128892,15,15,25,8,28,2016,GL,Porto3,Porto4,1
Navio515,17,6,76309,14,19,19,11,44,2008,CNTR,Porto3,Porto4,0
Navio516,35,8,111005,14,12,16,14,64,2010,CNTR,Porto5,Porto3,1
Navio517,30,11,157051,13,14,15,13,35,2003,GL,Porto5,Porto1,0
Navio518,51,14,111388,19,14,11,17,92,2003,GLP,Porto2,Porto2,0
Navio519,56,12,187673,16,16,32,9,116,2004,GL,Porto3,Porto5,0
Navio520,19,8,154824,13,14,15,9,53,2022,CNTR,Porto4,Porto2,1
Navio521,28,13,161016,11,8,26,10,55,2001,GSM,Porto3,Porto4,0
Navio522,45,13,133072,15,10,22,13,58,1998,GL,Porto2,Porto3,0
Navio523,38,7,153372,10,8,24,19,19,2000,GL,Porto3,Porto3,0
Navio524,49,16,74752,15,8,34,17,37,2013,CNTR,Porto3,Porto4,1
Navio525,50,14,198946,10,16,18,9,33,1994,CNTR,Porto4,Porto4,0
Navio526,24,10,36515,17,12,29,12,11,2016,CG,Porto2,Porto3,1
Navio527,41,15,156572,13,8,33,15,64,1997,GLP,Porto3,Porto4,0
Navio528,41,16,111265,8,9,21,13,29,2016,GLP,Porto5,Porto2,1
Navio529,37,9,65087,10,8,24,17,16,2015,CG,Porto1,Porto3,1
Navio530,27,9,149573,16,16,31,7,38,2010,GS,Porto4,Porto3,1
Navio531,30,8,114118,9,13,12,9,102,2021,GSM,Porto4,Porto5,1
Navio532,49,15,94476,16,10,31,6,103,1992,CNTR,Porto2,Porto2,0
Navio533,41,6,48267,10,16,26,10,105,1994,CNTR,Porto5,Porto2,0
Navio534,53,17,189852,16,8,21,17,90,2020,GSM,Porto5,Porto1,0
Navio535,31,10,157432,14,13,14,10,59,2018,GSM,Porto5,Porto5,0
Navio536,55,12,96395,16,18,32,15,111,2003,GS,Porto2,Porto4,0
Navio537,15,10,42764,11,8,28,6,113,2015,GLP,Porto2,Porto3,1
Navio538,25,9,155671,19,16,16,13,110,2019,CG,Porto2,Porto5,0
Navio539,26,8,58775,14,19,11,13,53,2008,GSM,Porto3,Porto1,0
Navio540,28,9,54675,12,13,14,13,41,2012,GLP,Porto3,Porto1,1
Navio541,22,7,85710,8,14,17,17,75,1994,CG,Porto4,Porto2,0
Navio542,45,7,62681,19,18,29,15,34,2022,GL,Porto4,Porto3,0
Navio543,21,8,101414,14,18,17,5,44,2007,GLP,Porto1,Porto1,1
Navio544,45,17,186468,14,19,26,15,110,1992,GSM,Porto1,Porto4,0
Navio545,30,13,123483,11,18,31,19,52,2018,CNTR,Porto4,Porto2,1
Navio546,56,8,90241,12,17,12,5,85,2017,CNTR,Porto1,Porto5,1
Navio547,53,13,191714,16,12,34,10,101,2004,GL,Porto3,Porto3,0
Navio548,58,6,105546,14,12,22,8,105,2010,GS,Porto4,Porto2,1
Navio549,33,7,39654,8,10,15,14,50,2022,GS,Porto2,Porto5,1
Navio550,22,14,62698,8,12,22,10,10,2014,GLP,Porto5,Porto1,1
Navio551,43,6,178811,11,8,23,9,77,2001,GS,Porto2,Porto1,0
Navio552,16,17,69225,19,16,26,6,76,2004,GS,Porto1,Porto2,0
Navio553,56,11,54250,13,9,16,19,76,2004,CG,Porto2,Porto1,0
Navio554,17,8,90364,15,15,25,6,55,1998,CG,Porto4,Porto2,0
Navio555,43,14,73277,19,19,10,16,91,2015,GS,Porto4,Porto4,0
Navio556,29,6,47352,8,12,27,7,22,2013,GSM,Porto1,Porto1,1
Navio557,52,10,63000,17,9,29,14,113,1999,GS,Porto4,Porto3,0
Navio558,42,6,136258,17,8,14,8,115,2015,GL,Porto2,Porto1,1
Navio559,51,9,49756,19,17,23,15,97,2000,GSM,Porto5,Porto3,0
Navio560,46,14,180754,19,13,32,10,16,2005,CG,Porto1,Porto2,0
Navio561,44,7,72699,16,9,10,18,96,1994,CG,Porto5,Porto3,0
Navio562,44,16,90247,8,19,33,16,70,2000,CNTR,Porto3,Porto1,0
Navio563,48,17,191998,9,16,23,7,61,1992,GL,Porto5,Porto5,0
Navio564,27,12,45926,17,9,14,8,66,1994,GSM,Porto4,Porto2,0
Navio565,47,10,185314,12,14,13,6,88,2008,GLP,Porto2,Porto3,0
Navio566,56,12,30043,8,8,13,14,55,1995,GL,Porto5,Porto1,0
Navio567,31,16,137073,10,8,29,16,74,2017,GLP,Porto5,Porto1,1
Navio568,17,15,179625,12,10,12,12,30,2009,GLP,Porto2,Porto4,0
Navio569,23,17,59871,16,18,27,14,46,2006,GS,Porto1,Porto4,1
Navio570,25,17,33244,10,19,22,8,106,2018,GLP,Porto2,Porto5,0
Navio571,41,12,194355,10,8,13,16,110,2001,GS,Porto3,Porto2,0
Navio572,42,17,157099,19,15,18,9,28,1990,CNTR,Porto5,Porto4,0
Navio573,16,10,95268,15,10,11,5,60,2008,GLP,Porto2,Porto5,1
Navio574,15,13,106283,14,15,25,6,45,2004,GLP,Porto5,Porto3,0
Navio575,20,8,117074,11,13,19,16,35,2001,GS,Porto1,Porto2,0
Navio576,39,15,148238,18,12,18,18,104,2000,CNTR,Porto5,Porto2,0
Navio577,49,14,166486,10,8,34,13,105,2013,GL,Porto5,Porto4,0
Navio578,30,6,155134,14,15,30,16,69,1997,CG,Porto2,Porto2,0
Navio579,18,14,199936,13,17,32,19,25,2013,GSM,Porto1,Porto5,0
Navio580,52,12,147598,12,16,20,18,98,2014,GLP,Porto3,Porto2,1
Navio581,58,8,68742,18,9,22,6,32,2007,GLP,Porto2,Porto1,1
Navio582,34,12,93534,11,11,22,19,76,2006,GL,Porto2,Porto5,1
Navio583,39,17,192787,19,10,13,19,33,2018,GL,Porto1,Porto5,0
Navio584,21,15,170119,11,10,32,19,43,2011,GL,Porto4,Porto2,0
Navio585,35,11,170069,17,13,22,12,116,2008,GLP,Porto5,Porto2,0
Navio586,21,9,74893,15,15,31,16,82,2001,GLP,Porto2,Porto4,0
Navio587,43,13,173085,12,9,18,10,115,2014,CG,Porto1,Porto1,0
Navio588,21,17,148106,12,13,19,7,57,2015,GS,Porto2,Porto4,1
Navio589,17,14,87426,13,11,10,15,69,2016,CNTR,Porto1,Porto2,1
Navio590,43,9,121722,17,17,33,9,119,2005,GS,Porto1,Porto1,0
Navio591,43,14,152283,12,13,16,19,66,2011,CNTR,Porto3,Porto3,1
Navio592,53,14,66297,9,19,30,14,89,2003,CG,Porto1,Porto4,0
Navio593,52,15,77578,9,14,18,6,29,2020,GSM,Porto1,Porto2,1
Navio594,20,15,34272,18,11,14,13,88,2010,GLP,Porto4,Porto5,1
Navio595,24,10,69759,15,14,31,8,48,2020,GLP,Porto5,Porto5,1
Navio596,51,16,54830,17,15,31,6,47,2017,GSM,Porto3,Porto2,1
Navio597,28,16,158147,8,13,16,6,45,2019,GSM,Porto5,Porto3,0
Navio598,36,10,139377,8,14,22,5,21,1992,GS,Porto2,Porto3,0
Navio599,46,7,199371,13,18,17,19,112,2001,GL,Porto3,Porto1,0
Navio600,32,6,56340,15,17,13,7,38,2017,GSM,Porto3,Porto5,1
Navio601,50,13,145619,8,17,34,6,109,1991,GSM,Porto1,Porto3,0
Navio602,23,12,171577,13,13,20,5,52,1999,GL,Porto4,Porto4,0
Navio603,40,8,38205,10,15,27,15,105,2012,GL,Porto1,Porto3,1
Navio604,36,7,181989,8,13,27,14,55,2013,GL,Porto4,Porto4,0
Navio605,52,6,108808,17,11,34,11,91,2014,GS,Porto3,Porto5,1
Navio606,37,12,50601,15,18,27,10,51,1993,CG,Porto3,Porto4,0
Navio607,31,16,96859,13,18,24,15,88,2014,CNTR,Porto4,Porto2,1
Navio608,40,7,58261,8,18,19,11,50,2017,CG,Porto1,Porto4,1
Navio609,52,12,148952,11,11,22,14,45,2002,CG,Porto1,Porto2,0
Navio610,16,13,31268,13,12,22,11,72,2016,GSM,Porto3,Porto3,1
Navio611,20,7,182335,18,8,14,10,47,2021,CNTR,Porto1,Porto2,0
Navio612,21,11,171781,11,9,18,17,105,2018,GSM,Porto3,Porto5,0
Navio613,27,8,185648,10,11,19,19,65,2009,GS,Porto3,Porto5,0
Navio614,41,6,51795,18,17,13,16,44,1995,GS,Porto2,Porto4,0
Navio615,25,8,183185,10,11,11,13,41,1997,GL,Porto4,Porto5,0
Navio616,29,12,180926,8,11,16,6,93,2005,GL,Porto4,Porto1,0
Navio617,23,12,182579,16,16,30,12,29,2003,CG,Porto2,Porto4,0
Navio618,22,9,96884,19,18,23,11,67,2014,GL,Porto2,Porto1,0
Navio619,20,11,194965,11,16,22,8,111,2009,GLP,Porto5,Porto5,0
Navio620,57,10,81099,17,11,15,11,33,2001,CNTR,Porto3,Porto3,0
Navio621,18,13,34722,17,16,10,19,86,2014,GS,Porto5,Porto3,1
Navio622,25,9,187673,17,17,17,9,90,2011,CNTR,Porto3,Porto5,0
Navio623,42,16,136274,14,12,16,19,107,2012,CNTR,Porto4,Porto3,1
Navio624,40,8,70831,18,8,16,11,65,2022,CG,Porto5,Porto3,1
Navio625,18,12,57025,12,18,17,18,40,2008,GSM,Porto3,Porto5,1
Navio626,29,15,184280,17,14,28,11,101,2006,GL,Porto4,Porto5,0
Navio627,33,7,37661,11,19,27,15,112,1995,GS,Porto4,Porto1,0
Navio628,20,17,168022,12,16,21,17,13,2021,GLP,Porto2,Porto2,0
Navio629,19,11,78682,9,14,27,12,96,2010,GL,Porto2,Porto1,1
Navio630,32,7,132723,8,11,15,16,11,2017,GL,Porto5,Porto4,1
Navio631,20,15,76363,17,16,28,5,24,2011,GL,Porto1,Porto4,1
Navio632,45,9,156908,9,19,27,8,37,1996,GS,Porto1,Porto3,0
Navio633,39,7,110626,18,10,19,7,10,2013,GS,Porto4,Porto4,1
Navio634,18,17,135956,18,16,22,8,117,2021,GL,Porto3,Porto3,1
Navio635,20,6,79898,9,16,27,12,19,1998,CG,Porto5,Porto5,0
Navio636,55,13,120452,15,16,14,17,45,2017,GS,Porto5,Porto2,1
Navio637,51,9,30564,10,10,10,8,88,1991,GS,Porto5,Porto5,0
Navio638,39,15,95227,15,13,13,8,42,2018,GLP,Porto3,Porto5,1
Navio639,48,12,132572,8,18,32,8,68,2012,GLP,Porto4,Porto5,1
Navio640,33,10,99713,18,14,22,19,36,1999,CG,Porto3,Porto3,0
Navio641,48,10,161071,9,13,31,19,22,2021,CNTR,Porto5,Porto3,0
Navio642,29,9,158595,16,16,25,19,62,2015,GSM,Porto3,Porto2,0
Navio643,22,11,96247,8,13,15,16,67,1992,GS,Porto4,Porto5,0
Navio644,58,10,152463,19,16,30,12,55,1995,CNTR,Porto1,Porto2,0
Navio645,48,10,30106,18,10,17,15,88,2021,GLP,Porto5,Porto3,1
Navio646,32,15,63522,19,19,24,19,29,2019,CNTR,Porto1,Porto5,0
Navio647,44,6,64395,18,8,15,8,103,2014,GSM,Porto2,Porto2,1
Navio648,27,6,59856,11,10,27,13,91,2020,CG,Porto1,Porto4,1
Navio649,47,15,63705,13,18,28,18,80,2010,GL,Porto2,Porto5,1
Navio650,49,11,41474,9,19,28,11,43,2003,GL,Porto3,Porto4,0
Navio651,38,6,67277,18,8,27,11,87,2015,GS,Porto2,Porto4,1
Navio652,40,12,193725,10,10,11,7,96,1995,GS,Porto1,Porto1,0
Navio653,58,9,197922,19,17,20,15,53,2022,GLP,Porto4,Porto5,0
Navio654,56,14,122809,19,8,27,8,10,1994,CNTR,Porto4,Porto2,0
Navio655,15,15,50534,9,16,19,9,67,2013,GL,Porto1,Porto2,1
Navio656,27,16,90296,12,17,14,11,32,1992,GLP,Porto1,Porto2,0
Navio657,24,12,122321,15,8,18,10,24,2008,CNTR,Porto2,Porto4,1
Navio658,33,17,104257,17,12,28,16,110,2000,GSM,Porto1,Porto5,0
Navio659,19,8,75553,16,12,15,10,79,2017,CNTR,Porto1,Porto1,1
Navio660,22,17,147167,12,11,17,19,20,2018,GS,Porto1,Porto3,1
Navio661,18,7,164206,18,13,11,19,77,2012,CNTR,Porto1,Porto1,0
Navio662,27,13,152718,12,19,27,7,14,1999,CNTR,Porto5,Porto2,0
Navio663,52,13,72070,19,10,25,6,62,2010,GLP,Porto5,Porto1,0
Navio664,33,12,106283,14,18,17,13,70,2017,GSM,Porto4,Porto4,1
Navio665,22,13,150997,13,12,26,17,62,1995,CG,Porto2,Porto2,0
Navio666,41,16,140510,9,8,27,17,73,2017,GL,Porto4,Porto1,1
Navio667,44,11,100284,8,13,16,10,104,2000,GSM,Porto4,Porto1,0
Navio668,18,15,141704,9,17,18,18,15,2013,CNTR,Porto2,Porto3,1
Navio669,25,14,125613,8,13,16,17,21,1998,CNTR,Porto2,Porto2,0
Navio670,35,14,193000,11,19,33,19,70,2001,GS,Porto4,Porto3,0
Navio671,57,7,188253,13,15,33,7,23,2003,GLP,Porto1,Porto2,0
Navio672,16,17,97361,13,19,12,9,22,2003,CG,Porto1,Porto3,0
Navio673,35,10,178158,14,19,15,9,17,2011,GS,Porto3,Porto1,0
Navio674,31,12,53044,17,15,14,14,66,2021,GL,Porto3,Porto4,1
Navio675,57,10,165805,10,9,12,6,15,2006,GL,Porto3,Porto3,0
Navio676,43,8,199036,18,19,23,14,67,1993,GSM,Porto4,Porto2,0
Navio677,41,13,128985,17,19,27,9,20,2014,CG,Porto2,Porto5,0
Navio678,38,14,159174,13,10,16,17,40,2011,GL,Porto5,Porto5,0
Navio679,17,11,97305,15,16,20,11,13,2011,GSM,Porto2,Porto3,1
Navio680,53,13,193443,13,15,29,16,108,2001,CNTR,Porto5,Porto1,0
Navio681,24,15,91249,17,16,23,18,71,2003,GS,Porto2,Porto3,0
Navio682,17,15,138938,16,9,25,19,11,2022,GS,Porto2,Porto4,1
Navio683,59,12,42486,9,11,30,7,53,1997,GS,Porto5,Porto2,0
Navio684,56,15,93610,13,10,31,8,26,2001,GL,Porto1,Porto5,0
Navio685,40,15,159040,16,16,25,15,49,1992,GSM,Porto3,Porto2,0
Navio686,51,9,143351,17,15,32,8,27,2000,GS,Porto4,Porto2,0
Navio687,41,15,118475,9,9,13,14,62,2013,GLP,Porto4,Porto3,1
Navio688,19,17,114075,12,18,25,9,62,2021,CNTR,Porto1,Porto1,1
Navio689,56,9,87322,8,19,17,14,17,2022,GLP,Porto1,Porto2,0
Navio690,25,16,100086,19,17,18,16,28,2020,GLP,Porto4,Porto1,0
Navio691,27,13,164054,10,14,14,12,31,1990,CG,Porto5,Porto4,0
Navio692,55,8,95186,8,18,27,10,32,2002,CG,Porto4,Porto4,0
Navio693,48,14,59386,17,8,22,18,40,2011,GS,Porto2,Porto1,1
Navio694,52,7,40024,15,16,24,19,78,2001,CNTR,Porto5,Porto3,0
Navio695,54,9,62808,18,12,19,7,105,2018,GLP,Porto1,Porto3,1
Navio696,47,8,128203,17,14,14,19,13,2000,CNTR,Porto4,Porto3,0
Navio697,48,7,116110,11,14,33,5,59,2013,GLP,Porto1,Porto5,1
Navio698,41,13,86484,16,9,13,5,19,2003,GL,Porto5,Porto4,0
Navio699,50,16,187794,15,18,28,17,19,1990,GLP,Porto2,Porto4,0
Navio700,40,16,37295,15,18,24,17,44,2003,GSM,Porto2,Porto2,0
Navio701,39,14,59626,16,18,17,18,112,2006,GS,Porto1,Porto1,1
Navio702,33,17,162383,9,11,30,8,104,2018,CG,Porto5,Porto5,0
Navio703,35,17,98400,17,8,14,15,86,2011,GL,Porto2,Porto5,1
Navio704,45,13,102683,16,19,18,15,58,2002,GLP,Porto2,Porto2,0
Navio705,43,11,89518,17,15,26,12,59,2007,GL,Porto2,Porto1,1
Navio706,23,13,132787,8,9,17,14,18,1995,GS,Porto5,Porto3,0
Navio707,33,16,91760,19,15,23,8,34,1999,GS,Porto2,Porto2,0
Navio708,40,13,193365,15,9,33,6,46,2013,GL,Porto5,Porto3,0
Navio709,39,7,83751,15,13,21,16,19,2010,GS,Porto1,Porto3,1
Navio710,54,11,179159,14,13,18,8,16,2017,GS,Porto5,Porto3,0
Navio711,57,12,182588,13,19,31,11,18,2019,GL,Porto1,Porto3,0
Navio712,43,17,131835,16,14,25,12,91,2013,CG,Porto1,Porto4,1
Navio713,39,11,110204,13,15,10,19,83,2018,CNTR,Porto2,Porto2,1
Navio714,33,14,165538,19,17,10,17,67,1990,GS,Porto1,Porto5,0
Navio715,18,17,193803,19,15,19,9,11,2009,GL,Porto1,Porto1,0
Navio716,59,14,182495,12,16,34,18,46,2017,GL,Porto3,Porto4,0
Navio717,34,7,132713,8,17,21,7,10,2004,CNTR,Porto3,Porto2,0
Navio718,15,11,63292,17,12,33,15,68,2016,GL,Porto3,Porto3,1
Navio719,25,8,79809,9,13,34,17,51,2006,GS,Porto4,Porto4,1
Navio720,18,15,52951,16,16,12,5,88,2016,GL,Porto5,Porto1,1
Navio721,21,11,38095,8,19,30,7,64,1993,GSM,Porto5,Porto3,0
Navio722,42,7,105375,11,14,32,6,101,2022,CNTR,Porto3,Porto2,1
Navio723,50,14,166861,15,16,10,5,36,1997,GSM,Porto2,Porto4,0
Navio724,21,7,69351,11,13,17,19,44,2013,GS,Porto3,Porto3,1
Navio725,34,16,65265,15,16,34,14,79,1993,GSM,Porto5,Porto4,0
Navio726,49,13,137813,13,16,31,11,17,1990,GS,Porto3,Porto3,0
Navio727,53,17,175920,18,12,30,8,92,1997,GS,Porto2,Porto3,0
Navio728,35,14,38983,11,13,29,8,25,2016,GSM,Porto5,Porto3,1
Navio729,58,11,166077,16,10,25,11,39,2008,CNTR,Porto1,Porto4,0
Navio730,15,6,62904,18,9,15,11,112,2002,GS,Porto2,Porto5,0
Navio731,51,7,110340,11,18,34,18,90,1996,GSM,Porto4,Porto1,0
Navio732,56,15,163330,9,9,29,10,71,1998,GSM,Porto3,Porto4,0
Navio733,17,11,175800,11,15,33,8,60,2015,CG,Porto5,Porto2,0
Navio734,48,7,139958,19,17,20,15,13,1995,GS,Porto2,Porto1,0
Navio735,27,10,54987,11,15,23,15,59,2017,CG,Porto4,Porto1,1
Navio736,30,16,128723,19,8,22,18,79,2014,GSM,Porto5,Porto3,0
Navio737,48,15,69262,8,14,32,16,111,2008,GS,Porto5,Porto2,1
Navio738,38,14,30972,15,11,13,15,100,2021,GLP,Porto3,Porto4,1
Navio739,27,8,114269,10,10,11,15,44,2016,CG,Porto2,Porto3,1
Navio740,20,14,33920,8,18,31,14,107,2021,CG,Porto1,Porto2,1
Navio741,53,9,135623,14,9,12,9,98,2004,GS,Porto5,Porto2,0
Navio742,16,9,152098,14,9,16,16,63,2002,CG,Porto2,Porto1,0
Navio743,25,16,30746,15,19,34,18,52,2014,CNTR,Porto4,Porto2,0
Navio744,21,13,96504,15,8,27,5,44,1998,CNTR,Porto1,Porto5,0
Navio745,21,10,136487,19,15,23,17,84,1999,CNTR,Porto5,Porto2,0
Navio746,53,14,127270,9,17,19,18,76,2001,GS,Porto3,Porto5,0
Navio747,53,9,166138,10,15,19,17,75,2002,CNTR,Porto3,Porto3,0
Navio748,26,9,97471,16,17,15,19,74,2007,GS,Porto1,Porto4,1
Navio749,36,7,153366,13,8,24,14,53,2022,GSM,Porto5,Porto4,1
Navio750,17,13,101549,9,11,25,16,21,1990,GSM,Porto5,Porto5,0
Navio751,27,11,60692,15,17,17,13,81,2001,CNTR,Porto4,Porto1,0
Navio752,44,11,103091,11,14,32,5,45,2009,GS,Porto4,Porto4,1
Navio753,24,13,82116,9,12,14,18,27,2014,GLP,Porto3,Porto2,1
Navio754,23,16,133407,14,16,13,6,114,2001,CG,Porto3,Porto4,0
Navio755,20,13,91793,16,9,34,19,82,2018,CG,Porto5,Porto3,1
Navio756,58,9,196936,10,19,17,9,47,2007,CG,Porto2,Porto2,0
Navio757,16,16,60504,15,18,19,14,42,1994,GL,Porto4,Porto3,0
Navio758,58,8,175545,16,12,19,5,75,2012,GS,Porto1,Porto4,0
Navio759,30,7,160524,17,13,30,17,115,2012,GL,Porto1,Porto1,0
Navio760,27,17,199967,14,12,33,17,14,1991,GSM,Porto1,Porto2,0
Navio761,27,8,79449,17,18,17,14,91,1991,CNTR,Porto3,Porto3,0
Navio762,36,17,60483,16,10,30,16,102,1998,GSM,Porto2,Porto5,0
Navio763,33,15,53254,13,18,21,15,69,2013,CG,Porto1,Porto3,1
Navio764,40,11,72307,8,18,16,9,105,2006,GS,Porto3,Porto5,1
Navio765,28,14,159015,8,14,23,18,91,2012,CG,Porto4,Porto5,0
Navio766,45,14,136306,17,11,12,9,46,2001,GSM,Porto4,Porto1,0
Navio767,43,14,175111,12,17,17,7,74,2018,GSM,Porto2,Porto5,0
Navio768,59,8,166216,14,10,13,13,119,2002,GL,Porto3,Porto2,0
Navio769,56,8,158890,8,10,22,7,93,1993,GSM,Porto5,Porto4,0
Navio770,36,16,108626,19,11,10,6,35,2002,GSM,Porto4,Porto3,0
Navio771,21,17,150362,17,8,33,10,39,1992,GLP,Porto3,Porto2,0
Navio772,51,17,63628,12,19,15,12,17,2001,CNTR,Porto2,Porto5,0
Navio773,55,14,144916,10,8,33,10,100,1998,GSM,Porto4,Porto2,0
Navio774,41,10,190594,10,14,10,9,16,1991,CG,Porto3,Porto2,0
Navio775,45,7,35994,12,12,13,19,41,2009,GLP,Porto5,Porto1,1
Navio776,20,7,40787,15,11,20,17,69,2020,GS,Porto5,Porto5,1
Navio777,30,16,46359,9,8,27,11,119,2009,GS,Porto2,Porto2,1
Navio778,52,6,79507,19,19,26,10,77,2009,GLP,Porto4,Porto3,0
Navio779,52,16,86385,17,8,18,8,14,1997,GLP,Porto2,Porto1,0
Navio780,46,17,76740,14,16,28,13,11,2000,GSM,Porto5,Porto2,0
Navio781,47,8,35349,12,16,30,14,86,2018,CG,Porto2,Porto3,1
Navio782,31,16,174174,14,17,25,12,18,1993,GL,Porto4,Porto3,0
Navio783,47,7,135826,18,10,20,18,73,1999,CG,Porto4,Porto5,0
Navio784,25,13,193931,16,19,29,19,43,2008,CG,Porto3,Porto2,0
Navio785,27,6,159086,14,12,15,15,43,1995,CG,Porto3,Porto5,0
Navio786,44,16,89454,17,18,23,19,39,2016,GSM,Porto1,Porto3,1
Navio787,15,8,169761,10,12,13,5,39,2005,GLP,Porto3,Porto2,0
Navio788,44,15,146987,15,17,14,10,96,2012,CG,Porto1,Porto5,1
Navio789,41,17,171902,12,18,13,13,73,2003,CG,Porto3,Porto5,0
Navio790,54,9,133274,8,19,13,11,35,2007,CG,Porto4,Porto4,0
Navio791,37,10,45707,9,16,17,19,103,2004,GSM,Porto4,Porto1,0
Navio792,34,15,144409,14,13,32,11,66,2000,GSM,Porto2,Porto3,0
Navio793,20,16,193625,12,16,20,14,77,1993,GL,Porto4,Porto3,0
Navio794,51,17,131031,19,10,30,10,116,1998,CNTR,Porto4,Porto5,0
Navio795,34,9,40732,8,14,18,12,101,2017,GS,Porto1,Porto3,1
Navio796,51,6,151956,8,14,18,19,50,1991,CG,Porto2,Porto3,0
Navio797,20,6,78781,10,19,27,16,118,2008,GLP,Porto4,Porto2,0
Navio798,43,12,69168,18,8,27,14,23,1998,GS,Porto4,Porto4,0
Navio799,27,10,40058,18,18,15,6,100,1990,GL,Porto5,Porto2,0
Navio800,41,9,163853,15,18,26,16,54,2002,GS,Porto4,Porto2,0
Navio801,34,9,161918,14,9,30,5,34,2001,CNTR,Porto5,Porto3,0
Navio802,27,7,96688,14,13,32,5,108,2000,GS,Porto3,Porto3,0
Navio803,53,6,180784,15,11,13,19,58,1996,CG,Porto3,Porto3,0
Navio804,22,13,167312,15,11,28,7,35,2012,GL,Porto4,Porto2,0
Navio805,31,14,46139,8,12,13,16,70,1997,GSM,Porto2,Porto2,0
Navio806,44,17,52557,17,18,26,10,47,2002,GLP,Porto4,Porto4,0
Navio807,15,12,152245,19,9,31,13,41,2010,GL,Porto3,Porto5,0
Navio808,38,17,116713,12,10,10,5,25,2019,CNTR,Porto5,Porto2,1
Navio809,30,8,39502,9,12,25,11,96,1993,CG,Porto5,Porto3,0
Navio810,25,14,57410,12,16,12,8,107,1997,GLP,Porto3,Porto2,0
Navio811,18,14,198554,17,9,21,12,21,2003,GL,Porto4,Porto1,0
Navio812,18,15,54592,13,11,28,17,112,2008,GSM,Porto3,Porto2,1
Navio813,31,12,187559,17,8,34,10,112,2014,CNTR,Porto3,Porto2,0
Navio814,24,10,105785,8,15,34,5,27,2011,GSM,Porto5,Porto1,1
Navio815,35,7,113849,14,16,10,8,38,2018,GS,Porto5,Porto4,1
Navio816,52,14,186748,12,19,23,12,53,2017,CG,Porto3,Porto2,0
Navio817,32,11,100887,12,10,18,17,30,2020,GL,Porto5,Porto1,1
Navio818,24,10,56524,19,9,33,19,118,2017,CNTR,Porto4,Porto1,0
Navio819,59,9,48166,9,14,11,9,46,1991,GSM,Porto4,Porto1,0
Navio820,30,17,73641,19,16,25,19,18,1998,CNTR,Porto1,Porto4,0
Navio821,53,11,123595,15,10,16,11,57,2015,GLP,Porto3,Porto1,1
Navio822,29,13,171163,19,19,16,13,15,2019,GS,Porto2,Porto5,0
Navio823,48,12,58825,19,18,22,7,40,2005,GL,Porto4,Porto3,0
Navio824,19,16,101636,18,16,28,6,70,1993,GL,Porto5,Porto5,0
Navio825,31,17,52639,8,9,28,15,61,2013,GS,Porto3,Porto2,1
Navio826,51,12,117628,9,15,27,7,57,2021,GL,Porto2,Porto4,1
Navio827,22,15,47944,10,17,29,13,61,2011,CNTR,Porto2,Porto4,1
Navio828,38,9,181301,18,19,15,16,12,2011,GSM,Porto2,Porto4,0
Navio829,42,9,43346,18,18,24,8,94,1992,GL,Porto2,Porto2,0
Navio830,22,8,111996,18,12,31,17,98,2021,CG,Porto4,Porto1,1
Navio831,37,13,164699,18,17,12,15,118,1998,GSM,Porto1,Porto2,0
Navio832,49,9,71935,16,12,11,11,23,1995,GSM,Porto5,Porto1,0
Navio833,45,15,39019,15,18,16,19,72,2002,GL,Porto4,Porto1,0
Navio834,31,15,131653,18,10,28,6,93,2000,GS,Porto1,Porto5,0
Navio835,42,11,168737,17,12,19,17,43,2001,CG,Porto4,Porto1,0
Navio836,26,15,36508,16,15,15,12,48,2019,GS,Porto5,Porto2,1
Navio837,38,14,179004,8,11,27,14,102,1999,GSM,Porto4,Porto1,0
Navio838,29,9,160146,8,12,14,17,90,2014,GS,Porto5,Porto2,0
Navio839,54,17,87989,19,15,29,8,29,1999,GLP,Porto3,Porto4,0
Navio840,45,16,144452,8,8,29,5,46,1996,GLP,Porto4,Porto5,0
Navio841,41,14,31660,10,12,11,10,25,2014,CNTR,Porto3,Porto1,1
Navio842,49,11,192463,14,12,31,14,47,2013,CG,Porto4,Porto4,0
Navio843,32,17,191299,16,19,14,13,112,1995,CNTR,Porto3,Porto4,0
Navio844,50,15,36741,11,16,29,17,20,2004,GL,Porto3,Porto2,0
Navio845,22,6,32863,15,18,29,12,115,2013,GL,Porto3,Porto4,1
Navio846,52,13,163114,11,15,17,18,61,2006,CG,Porto2,Porto4,0
Navio847,19,6,193908,11,16,34,10,29,2016,GL,Porto1,Porto1,0
Navio848,28,7,51705,13,13,14,17,63,2004,GL,Porto1,Porto3,0
Navio849,52,12,141535,13,18,29,18,51,2001,CG,Porto3,Porto1,0
Navio850,34,12,54480,12,14,25,11,116,2005,CG,Porto2,Porto3,0
Navio851,58,17,134394,16,19,12,13,19,2005,GL,Porto2,Porto4,0
Navio852,23,16,50955,18,10,22,8,87,2009,GSM,Porto5,Porto3,1
Navio853,47,10,64064,17,19,30,14,83,2008,GLP,Porto2,Porto4,0
Navio854,32,16,31762,10,16,15,11,39,2005,CG,Porto3,Porto1,0
Navio855,20,11,178508,19,16,13,5,75,1995,GSM,Porto5,Porto2,0
Navio856,51,13,108108,16,16,30,17,65,1997,GL,Porto1,Porto3,0
Navio857,16,16,196513,13,8,30,14,93,1997,CNTR,Porto1,Porto5,0
Navio858,44,17,37013,15,8,19,19,106,2012,CNTR,Porto4,Porto2,1
Navio859,20,12,40841,13,9,27,10,44,2009,GS,Porto3,Porto3,1
Navio860,31,6,113077,12,8,29,6,68,2004,GL,Porto4,Porto4,0
Navio861,53,7,117459,12,13,27,15,40,1992,CG,Porto1,Porto4,0
Navio862,55,16,88059,15,16,34,14,63,2005,GSM,Porto2,Porto4,0
Navio863,37,17,90088,16,19,21,8,46,2010,GS,Porto5,Porto4,0
Navio864,45,17,86581,16,11,12,5,36,2000,CNTR,Porto4,Porto4,0
Navio865,34,12,111845,13,8,21,8,50,2011,GL,Porto3,Porto1,1
Navio866,19,12,91889,14,12,34,7,10,2019,GLP,Porto1,Porto3,1
Navio867,35,10,149272,14,10,21,16,27,1994,GL,Porto1,Porto2,0
Navio868,57,8,82378,11,9,11,6,68,2000,GS,Porto5,Porto3,0
Navio869,25,8,102988,19,17,32,6,105,1990,CG,Porto1,Porto3,0
Navio870,18,16,63767,14,16,27,6,97,2008,GSM,Porto4,Porto1,1
Navio871,37,10,179927,8,17,11,12,42,1993,GS,Porto1,Porto1,0
Navio872,52,16,62873,19,12,11,13,27,2014,CNTR,Porto1,Porto4,0
Navio873,44,10,151519,13,18,30,17,81,2018,GSM,Porto5,Porto4,1
Navio874,56,9,44445,14,9,30,19,17,1998,GLP,Porto2,Porto3,0
Navio875,55,7,60624,17,14,17,19,63,2021,GLP,Porto3,Porto1,1
Navio876,32,6,84710,13,9,10,9,26,2002,CG,Porto3,Porto2,0
Navio877,55,12,65200,12,10,22,7,116,2016,GL,Porto4,Porto3,1
Navio878,57,12,120379,19,11,27,8,40,1994,CNTR,Porto3,Porto1,0
Navio879,45,6,136675,19,8,17,17,40,2005,GL,Porto5,Porto3,0
Navio880,44,15,79763,11,12,22,13,44,2017,GS,Porto5,Porto1,1
Navio881,48,14,185418,8,13,33,12,35,2000,CNTR,Porto1,Porto3,0
Navio882,45,15,62271,13,18,16,6,92,1997,GL,Porto1,Porto2,0
Navio883,52,11,53025,9,11,12,15,83,2014,CG,Porto4,Porto1,1
Navio884,39,8,120844,13,16,19,14,92,2022,GLP,Porto2,Porto5,1
Navio885,31,15,94362,19,15,28,13,30,2014,GL,Porto1,Porto4,0
Navio886,50,14,92324,9,19,22,11,67,2010,GSM,Porto5,Porto1,0
Navio887,54,10,55670,9,16,28,14,86,2020,CNTR,Porto1,Porto3,1
Navio888,44,10,57384,16,17,17,13,25,1994,GS,Porto4,Porto4,0
Navio889,16,6,155023,19,18,27,16,95,2002,GS,Porto4,Porto3,0
Navio890,38,16,145714,15,16,24,5,52,2020,GSM,Porto1,Porto1,1
Navio891,23,17,160321,17,18,16,16,48,2010,CNTR,Porto2,Porto3,0
Navio892,15,8,107042,19,10,33,8,31,1995,GS,Porto3,Porto1,0
Navio893,38,11,142800,11,13,16,16,21,2009,GS,Porto5,Porto1,1
Navio894,52,13,97809,13,11,12,6,79,1997,GSM,Porto2,Porto4,0
Navio895,41,13,196468,10,15,27,6,95,2014,GL,Porto4,Porto1,0
Navio896,40,7,48270,14,14,23,6,96,1999,GLP,Porto5,Porto2,0
Navio897,40,9,102964,11,11,34,7,117,2007,GLP,Porto5,Porto5,1
Navio898,21,8,190763,16,13,29,7,100,2004,CNTR,Porto3,Porto2,0
Navio899,39,6,179839,12,19,26,18,27,1992,GL,Porto4,Porto1,0
Navio900,30,9,158371,16,13,18,18,82,1999,GL,Porto3,Porto5,0
Navio901,52,8,42560,8,12,19,9,27,2017,GS,Porto3,Porto3,1
Navio902,56,8,79853,16,11,17,7,31,2001,CNTR,Porto2,Porto3,0
Navio903,32,16,85470,18,10,28,14,61,2012,GSM,Porto4,Porto2,1
Navio904,31,8,84382,12,9,29,15,12,2022,GSM,Porto4,Porto4,1
Navio905,58,9,114256,8,17,11,15,68,1994,GSM,Porto2,Porto5,0
Navio906,20,11,153111,13,14,29,15,68,2019,CNTR,Porto4,Porto5,1
Navio907,34,16,175303,13,18,31,17,58,2011,CG,Porto2,Porto4,0
Navio908,37,7,99309,10,8,30,16,51,2012,GLP,Porto4,Porto3,1
Navio909,26,13,132233,12,8,21,14,39,2007,GS,Porto1,Porto1,1
Navio910,26,16,128568,16,14,13,14,99,1993,GS,Porto4,Porto3,0
Navio911,48,11,90251,16,11,12,12,93,2008,GS,Porto1,Porto1,1
Navio912,22,17,80176,19,17,32,18,106,1995,GSM,Porto3,Porto3,0
Navio913,41,9,30163,12,16,10,9,86,1999,GSM,Porto3,Porto5,0
Navio914,22,16,151882,9,11,34,5,59,2018,GLP,Porto3,Porto5,1
Navio915,47,16,167071,16,19,24,16,57,2022,GSM,Porto5,Porto1,0
Navio916,51,15,65764,16,11,10,12,48,2019,GS,Porto3,Porto3,1
Navio917,33,17,177434,16,18,18,12,54,2022,GLP,Porto1,Porto1,0
Navio918,38,9,72646,19,15,14,9,91,2021,CG,Porto2,Porto1,0
Navio919,36,17,197553,11,17,29,6,39,2000,CG,Porto2,Porto3,0
Navio920,17,6,161331,11,12,32,15,78,1999,GS,Porto5,Porto1,0
Navio921,23,12,166308,10,19,34,17,32,2011,GL,Porto4,Porto1,0
Navio922,25,9,87508,18,16,30,11,88,2018,GSM,Porto3,Porto3,1
Navio923,20,12,76100,17,14,28,13,46,1999,GSM,Porto4,Porto2,0
Navio924,53,17,114101,13,14,30,17,59,2018,GLP,Porto2,Porto2,1
Navio925,53,15,153903,15,15,15,5,90,1995,CG,Porto1,Porto4,0
Navio926,51,11,123267,13,10,17,18,89,1994,GLP,Porto5,Porto2,0
Navio927,16,7,75797,16,13,12,9,41,2007,GLP,Porto5,Porto3,1
Navio928,51,15,189571,15,12,29,10,27,1990,CNTR,Porto5,Porto1,0
Navio929,20,9,110734,17,19,11,13,74,1994,CG,Porto3,Porto3,0
Navio930,20,17,47054,8,18,23,17,25,1998,GLP,Porto5,Porto5,0
Navio931,53,9,113161,10,19,32,11,76,2014,GS,Porto1,Porto3,0
Navio932,50,15,175287,15,18,20,5,103,2018,GL,Porto1,Porto2,0
Navio933,39,16,79066,11,8,27,5,113,2017,CNTR,Porto5,Porto4,1
Navio934,30,13,70452,18,13,16,19,55,1994,GLP,Porto2,Porto1,0
Navio935,35,14,108747,13,17,31,17,68,2016,GL,Porto2,Porto1,1
Navio936,24,10,198140,9,14,10,12,44,2014,CNTR,Porto5,Porto2,0
Navio937,19,13,45983,13,14,17,6,87,2001,GSM,Porto3,Porto4,0
Navio938,39,16,95276,9,19,33,17,60,2015,GSM,Porto2,Porto5,0
Navio939,45,14,189413,9,19,15,14,104,2013,GL,Porto5,Porto4,0
Navio940,17,15,198174,10,16,20,5,77,2017,GSM,Porto1,Porto4,0
Navio941,34,10,91066,12,18,19,10,107,2010,GLP,Porto4,Porto2,1
Navio942,18,7,65571,11,13,11,17,64,2009,CNTR,Porto2,Porto4,1
Navio943,28,11,54619,9,10,10,19,109,2001,CG,Porto3,Porto1,0
Navio944,26,16,89142,19,11,13,13,69,2016,CG,Porto4,Porto4,0
Navio945,28,6,63479,17,15,18,6,29,1996,GS,Porto4,Porto2,0
Navio946,51,9,77616,9,17,22,17,14,2003,CNTR,Porto3,Porto4,0
Navio947,32,12,186211,10,11,13,9,85,1992,GS,Porto3,Porto4,0
Navio948,41,9,112594,16,13,12,17,60,1998,GL,Porto5,Porto1,0
Navio949,21,6,94352,9,18,27,16,47,2019,GL,Porto1,Porto1,1
Navio950,49,9,93175,15,9,11,18,88,2011,GLP,Porto3,Porto2,1
Navio951,36,16,137282,16,9,18,6,57,2021,GL,Porto3,Porto3,1
Navio952,35,12,46386,10,8,16,13,86,1998,CG,Porto4,Porto1,0
Navio953,57,15,54230,17,12,11,5,112,2010,GLP,Porto2,Porto2,1
Navio954,32,11,98876,14,17,21,17,52,2014,CNTR,Porto2,Porto4,1
Navio955,52,17,156024,13,19,26,7,59,2018,GSM,Porto3,Porto1,0
Navio956,40,7,113715,9,18,23,15,38,2004,GSM,Porto1,Porto5,0
Navio957,36,13,111293,17,19,23,16,94,2011,CNTR,Porto3,Porto2,0
Navio958,51,17,64778,14,18,24,13,106,2015,GL,Porto1,Porto5,1
Navio959,19,9,165299,17,11,26,17,117,2010,CNTR,Porto4,Porto1,0
Navio960,49,10,85700,19,11,13,16,16,2022,GL,Porto5,Porto5,0
Navio961,26,17,67690,10,12,34,9,88,2010,CG,Porto4,Porto3,1
Navio962,49,13,154930,13,18,23,5,111,2002,GL,Porto5,Porto1,0
Navio963,48,6,99178,14,11,16,15,66,1997,GL,Porto4,Porto4,0
Navio964,34,9,183170,19,17,28,18,66,1999,CNTR,Porto3,Porto2,0
Navio965,26,11,40553,9,13,34,14,55,2014,GLP,Porto3,Porto5,1
Navio966,48,12,78811,13,16,11,14,12,2004,GSM,Porto1,Porto3,0
Navio967,40,17,103194,16,9,18,12,62,2013,GL,Porto3,Porto5,1
Navio968,48,17,188941,12,18,24,17,83,1995,CNTR,Porto2,Porto1,0
Navio969,46,12,76159,14,17,28,12,37,1994,GS,Porto3,Porto5,0
Navio970,21,13,70025,13,11,19,8,103,2002,GL,Porto2,Porto2,0
Navio971,40,10,177949,14,8,17,11,44,2014,GSM,Porto4,Porto5,0
Navio972,39,17,172325,8,14,34,6,15,2007,CG,Porto4,Porto5,0
Navio973,53,13,35400,10,12,22,16,66,2004,CNTR,Porto5,Porto4,0
Navio974,31,8,198292,13,15,19,19,34,2004,GL,Porto5,Porto3,0
Navio975,38,6,106476,14,14,26,13,52,2007,GS,Porto3,Porto5,1
Navio976,41,7,30889,10,13,11,9,55,2020,GLP,Porto3,Porto4,1
Navio977,18,12,60141,17,14,27,10,84,1999,CG,Porto5,Porto5,0
Navio978,41,11,149885,9,8,11,8,119,1991,GS,Porto3,Porto5,0
Navio979,44,15,170812,12,15,28,17,22,1990,GSM,Porto2,Porto3,0
Navio980,17,10,174070,16,15,34,6,14,2016,GL,Porto4,Porto5,0
Navio981,20,14,129441,16,9,25,15,107,2001,GL,Porto1,Porto3,0
Navio982,22,13,114529,11,8,24,13,110,2010,GS,Porto1,Porto5,1
Navio983,30,14,164259,15,18,17,14,46,2015,GLP,Porto4,Porto3,0
Navio984,29,12,148499,18,19,16,10,103,2011,GS,Porto1,Porto5,0
Navio985,50,7,89789,10,19,27,12,48,2005,CNTR,Porto1,Porto3,0
Navio986,54,10,30075,17,10,18,9,84,1990,GS,Porto2,Porto1,0
Navio987,22,16,49473,9,19,25,8,52,2001,CNTR,Porto4,Porto5,0
Navio988,53,14,189191,18,14,11,12,45,2018,CNTR,Porto5,Porto4,0
Navio989,44,11,161402,19,14,17,19,108,2000,CNTR,Porto4,Porto5,0
Navio990,26,7,36772,9,15,30,19,68,2003,GL,Porto3,Porto5,0
Navio991,18,12,180773,9,12,18,19,86,2011,GS,Porto3,Porto4,0
Navio992,28,16,47254,14,11,18,9,31,2000,GSM,Porto4,Porto5,0
Navio993,39,8,110304,11,11,30,16,80,2022,GS,Porto1,Porto1,1
Navio994,19,16,68365,14,13,10,9,105,1994,GS,Porto2,Porto4,0
Navio995,37,17,157769,13,9,33,19,22,1998,GLP,Porto3,Porto4,0
Navio996,44,13,137043,12,8,19,5,52,2013,GS,Porto5,Porto3,1
Navio997,53,16,178416,10,19,12,12,76,2013,GSM,Porto2,Porto3,0
Navio998,26,16,175216,15,9,10,15,61,2003,CNTR,Porto5,Porto4,0
Navio999,29,11,129336,16,10,32,10,33,2008,CNTR,Porto1,Porto4,1
Navio1000,33,13,65779,16,13,20,8,34,2008,GSM,Porto5,Porto5,1
