,Nome,LOA (m),Boca (m),DWT (ton),Calado de Entrada (m),Calado de Saída (m),Calado Aéreo (m),Pontal (m),Tamanho de Lança (m),Ano de Construção,Tipo do Navio,Último Porto,Próximo Porto,Situação
0,Navio351,19,17,187501,9,15,25,14,103,2017,GSM,Porto45,Porto106,1
1,Navio633,39,6,145781,13,11,30,9,88,2022,GS,Porto100,Porto125,0
2,Navio508,59,13,57439,17,10,27,17,108,2006,CG,Porto115,Porto176,0
3,Navio646,32,14,43275,17,12,28,7,113,2004,CNTR,Porto135,Porto46,1
4,Navio92,36,7,192345,11,8,27,6,65,2009,GSM,Porto91,Porto9,1
5,Navio267,50,8,37344,18,14,20,18,14,2020,CNTR,Porto6,Porto161,0
6,Navio285,26,11,92961,10,10,18,17,89,2007,CNTR,Porto43,Porto39,0
7,Navio1035,26,8,133830,15,14,30,12,32,2018,CG,Porto152,Porto186,0
8,Navio462,47,8,194312,15,13,24,15,97,2009,GS,Porto179,Porto101,1
9,Navio522,45,17,149605,13,12,24,17,84,1998,GL,Porto110,Porto146,1
10,Navio45,38,10,155030,16,16,20,18,28,2007,GLP,Porto90,Porto74,1
11,Navio72,29,14,71476,8,13,12,9,56,2002,GLP,Porto159,Porto24,1
12,Navio747,53,8,55323,13,18,32,7,117,2016,CNTR,Porto107,Porto64,0
13,Navio807,15,8,107171,16,18,22,17,108,2008,GL,Porto180,Porto112,0
14,Navio615,25,14,73019,10,13,30,15,39,2022,GL,Porto59,Porto21,0
15,Navio746,53,17,197068,8,16,14,13,54,2009,GS,Porto40,Porto118,1
16,Navio521,28,11,138992,13,12,16,16,73,2001,GSM,Porto69,Porto37,1
17,Navio921,23,10,154708,16,18,33,16,58,2011,GL,Porto17,Porto63,0
18,Navio453,20,6,167878,15,17,22,7,96,2001,CNTR,Porto141,Porto72,1
19,Navio38,54,14,47346,10,9,18,17,41,2007,CG,Porto38,Porto141,0
20,Navio791,37,11,125958,9,18,17,10,114,2019,GSM,Porto48,Porto147,0
21,Navio171,36,11,198233,15,19,25,11,62,2021,GL,Porto67,Porto161,1
22,Navio217,55,7,157057,9,13,31,12,71,2015,CNTR,Porto123,Porto116,1
23,Navio771,21,10,103748,11,11,23,8,32,2014,GLP,Porto59,Porto155,0
24,Navio685,40,7,186083,14,10,14,17,109,1999,GSM,Porto118,Porto163,1
25,Navio200,18,13,86525,12,13,15,15,68,2005,CG,Porto62,Porto44,1
26,Navio176,55,11,171471,8,14,25,16,116,2022,GLP,Porto97,Porto80,1
27,Navio188,55,11,81356,17,19,19,10,91,2016,GLP,Porto102,Porto144,1
28,Navio739,27,10,79828,8,19,17,19,94,2021,CG,Porto130,Porto135,1
29,Navio415,34,11,164063,8,17,32,19,60,2021,GS,Porto70,Porto150,1
30,Navio780,46,12,92513,12,14,16,6,39,2016,GSM,Porto133,Porto186,0
31,Navio663,52,13,38579,11,19,12,8,104,2003,GLP,Porto78,Porto96,1
32,Navio124,42,13,77597,9,16,15,9,13,2016,GLP,Porto163,Porto4,0
33,Navio365,16,6,53954,9,15,13,14,99,2018,GS,Porto160,Porto193,0
34,Navio114,38,14,85992,19,18,22,9,65,2006,GL,Porto140,Porto9,1
35,Navio730,15,16,93850,11,19,30,7,61,2003,GS,Porto120,Porto146,1
36,Navio826,51,12,83128,10,12,13,10,16,2022,GL,Porto80,Porto24,0
37,Navio256,31,15,47383,11,16,20,10,111,2006,CG,Porto165,Porto52,0
38,Navio855,20,13,34575,19,11,24,7,14,2017,GSM,Porto75,Porto190,1
39,Navio846,52,9,96601,12,19,22,19,15,2003,CG,Porto70,Porto157,1
40,Navio617,23,7,181489,17,12,27,11,14,2000,CG,Porto151,Porto94,1
41,Navio484,58,13,198155,10,18,27,12,10,2020,GS,Porto40,Porto105,1
42,Navio269,44,16,190668,18,11,33,17,78,2001,GL,Porto17,Porto69,1
43,Navio776,20,13,147639,14,17,27,13,55,2020,GS,Porto29,Porto172,0
44,Navio535,31,9,54649,13,17,31,19,50,2013,GSM,Porto34,Porto42,0
45,Navio150,28,14,196287,10,9,34,11,63,2003,GSM,Porto118,Porto82,1
46,Navio449,54,14,113675,9,17,21,8,29,2006,CG,Porto45,Porto107,0
47,Navio266,54,16,160332,10,11,21,14,47,2010,CG,Porto194,Porto47,1
48,Navio1069,21,12,56746,18,13,21,7,39,2020,CNTR,Porto64,Porto134,0
49,Navio803,53,16,189685,19,9,14,18,22,2006,CG,Porto193,Porto71,1
50,Navio491,43,7,104814,17,9,24,12,69,2022,CG,Porto157,Porto182,0
51,Navio814,24,14,128621,14,8,20,19,37,1999,GSM,Porto136,Porto198,1
52,Navio790,54,6,85087,12,13,31,14,105,2017,CG,Porto38,Porto149,0
53,Navio494,15,7,134696,19,19,14,19,50,2006,GL,Porto166,Porto52,1
54,Navio1009,24,17,150706,18,9,19,8,26,2007,GL,Porto192,Porto29,0
55,Navio593,52,8,104494,12,19,31,15,40,2000,GSM,Porto127,Porto73,1
56,Navio395,38,8,46251,17,13,10,16,91,2010,GSM,Porto197,Porto74,0
57,Navio1095,59,14,102327,11,12,19,13,114,2011,CNTR,Porto111,Porto109,0
58,Navio1068,31,11,72840,11,13,27,18,64,2019,GLP,Porto65,Porto55,0
59,Navio668,18,9,142216,11,16,26,8,57,2006,CNTR,Porto175,Porto180,0
60,Navio637,51,13,118726,16,14,14,9,11,2000,GS,Porto18,Porto22,1
61,Navio90,30,13,170161,8,9,33,14,42,2003,GLP,Porto88,Porto67,1
62,Navio112,25,11,135747,18,9,28,17,110,2018,GLP,Porto87,Porto141,0
63,Navio844,50,9,127498,12,18,22,9,34,2011,GL,Porto197,Porto29,0
64,Navio832,49,9,153611,10,15,10,5,39,2021,GSM,Porto91,Porto20,0
65,Navio1131,50,10,77203,11,13,34,14,80,2006,GLP,Porto149,Porto11,0
66,Navio634,18,17,160237,12,11,34,15,118,2020,GL,Porto11,Porto49,1
67,Navio159,59,12,117860,19,13,32,13,32,1999,CNTR,Porto83,Porto127,1
68,Navio151,55,10,155539,12,9,21,5,31,2014,GL,Porto172,Porto169,1
69,Navio727,53,17,39067,16,16,31,17,110,2000,GS,Porto146,Porto72,1
70,Navio565,47,14,178705,15,14,30,11,11,1998,GLP,Porto58,Porto37,1
71,Navio111,15,7,124674,17,18,24,14,27,2010,CNTR,Porto153,Porto48,0
72,Navio1045,48,17,140874,16,11,16,16,109,2020,CNTR,Porto165,Porto93,0
73,Navio1087,39,12,151768,14,13,22,13,23,2019,GSM,Porto87,Porto89,0
74,Navio448,15,12,144403,18,16,15,19,16,2009,CG,Porto85,Porto51,0
75,Navio507,48,6,168794,13,15,11,19,49,2013,GLP,Porto152,Porto197,1
76,Navio679,17,6,163953,8,14,22,7,98,2010,GSM,Porto40,Porto42,1
77,Navio875,55,13,89479,13,15,13,8,91,2016,GLP,Porto157,Porto89,0
78,Navio650,49,14,82222,14,15,30,15,81,2011,GL,Porto3,Porto41,0
79,Navio222,38,15,75848,13,13,28,16,58,2000,CG,Porto195,Porto128,1
80,Navio301,42,16,152900,13,17,17,12,107,2009,CNTR,Porto49,Porto97,0
81,Navio374,59,6,179264,17,8,26,9,97,2018,GS,Porto72,Porto135,1
82,Navio1018,39,6,68025,17,18,20,14,66,2018,GL,Porto183,Porto95,0
83,Navio363,33,16,56863,12,8,28,16,89,1998,GSM,Porto114,Porto38,1
84,Navio823,48,11,90997,18,18,10,12,73,2019,GL,Porto152,Porto55,0
85,Navio181,46,13,33632,11,8,22,8,10,2000,GS,Porto189,Porto127,1
86,Navio774,41,14,56163,18,13,23,5,117,1999,CG,Porto128,Porto156,1
87,Navio327,26,16,49608,19,8,29,9,114,2011,GS,Porto6,Porto51,1
88,Navio842,49,15,110700,13,14,16,6,104,2010,CG,Porto168,Porto108,0
89,Navio986,54,12,86987,15,18,18,7,15,2014,GS,Porto140,Porto41,0
90,Navio824,19,9,171124,18,8,10,17,59,2017,GL,Porto37,Porto175,1
91,Navio1076,47,6,34155,14,15,14,7,91,2017,GL,Porto183,Porto162,0
92,Navio265,18,13,121191,10,15,19,17,12,2014,GLP,Porto78,Porto96,0
93,Navio505,47,11,181253,15,19,26,12,52,2016,GL,Porto191,Porto183,1
94,Navio809,30,6,174160,9,10,10,13,103,2016,CG,Porto147,Porto64,1
95,Navio635,20,13,72831,14,14,15,15,32,1999,CG,Porto175,Porto60,1
96,Navio15,16,12,52978,8,19,26,19,69,2010,GSM,Porto148,Porto128,1
97,Navio218,17,15,48501,13,8,17,10,38,2018,CG,Porto52,Porto65,0
98,Navio1109,38,15,141101,11,9,11,11,10,2014,GSM,Porto34,Porto85,0
99,Navio457,55,6,91305,16,17,25,12,46,2000,CG,Porto46,Porto60,1
100,Navio665,22,13,157751,17,9,14,19,86,2003,CG,Porto153,Porto136,1
101,Navio182,28,10,83759,13,14,21,7,17,2010,GL,Porto24,Porto105,0
102,Navio407,42,15,139566,17,8,34,10,102,2019,CG,Porto6,Porto70,0
103,Navio649,47,11,161564,9,19,31,7,13,2015,GL,Porto109,Porto67,1
104,Navio984,29,16,128827,11,12,12,7,61,2010,GS,Porto192,Porto56,0
105,Navio1034,27,14,52964,10,8,16,8,27,2009,CNTR,Porto53,Porto80,0
106,Navio278,27,15,63248,13,9,19,7,62,2014,GSM,Porto145,Porto72,0
107,Navio643,22,13,169170,9,15,32,5,51,2013,GS,Porto184,Porto31,1
108,Navio1089,28,7,55823,16,10,12,5,34,2006,GSM,Porto179,Porto46,0
109,Navio398,51,15,33315,10,16,17,8,16,1998,GSM,Porto25,Porto84,1
110,Navio573,16,11,152619,15,9,34,11,65,2020,GLP,Porto88,Porto178,0
111,Navio1020,23,12,86560,14,16,11,17,50,2021,GL,Porto73,Porto146,0
112,Navio52,51,10,72391,13,11,14,14,82,2020,CNTR,Porto109,Porto178,0
113,Navio434,24,12,162220,13,12,22,19,50,1999,GL,Porto163,Porto79,1
114,Navio778,52,11,34568,17,19,28,13,17,2012,GLP,Porto198,Porto67,1
115,Navio557,52,17,111318,19,13,31,16,52,2021,GS,Porto68,Porto199,1
116,Navio158,18,11,61823,17,14,30,13,105,2008,GLP,Porto9,Porto16,0
117,Navio1083,43,17,151014,17,10,30,8,81,2008,GS,Porto18,Porto198,0
118,Navio817,32,14,101545,8,10,31,15,98,2000,GL,Porto104,Porto78,1
119,Navio835,42,15,110474,17,19,18,7,39,1998,CG,Porto9,Porto169,1
120,Navio427,55,9,33953,14,18,14,14,20,2004,GSM,Porto185,Porto156,1
121,Navio742,16,9,153948,12,11,31,9,100,2003,CG,Porto99,Porto120,1
122,Navio563,48,8,63420,8,17,25,7,117,2002,GL,Porto102,Porto170,1
123,Navio84,55,15,166957,14,16,17,14,45,2006,GLP,Porto190,Porto46,1
124,Navio76,35,16,195928,11,10,32,12,34,2021,GLP,Porto75,Porto198,1
125,Navio1030,43,9,132713,11,18,23,14,73,2010,GL,Porto93,Porto23,0
126,Navio1141,38,15,142594,15,13,30,18,54,2021,GS,Porto158,Porto48,0
127,Navio943,28,17,46527,17,18,32,15,24,2012,CG,Porto4,Porto23,0
128,Navio8,36,9,124832,18,9,28,12,99,2013,GSM,Porto33,Porto146,0
129,Navio1070,36,7,122698,10,14,27,19,117,2016,CNTR,Porto25,Porto3,0
130,Navio692,55,8,80885,16,11,16,17,79,2015,CG,Porto130,Porto144,0
131,Navio242,36,11,166814,15,10,28,13,79,2001,GSM,Porto107,Porto26,1
132,Navio652,40,12,191792,18,11,28,7,85,2018,GS,Porto136,Porto161,1
133,Navio793,20,17,121496,15,18,11,14,116,2001,GL,Porto49,Porto180,1
134,Navio598,36,15,160326,10,10,32,17,108,2008,GS,Porto191,Porto9,1
135,Navio660,22,7,56452,12,10,16,19,14,2021,GS,Porto169,Porto7,0
136,Navio696,47,9,175595,17,9,30,16,48,2006,CNTR,Porto173,Porto100,1
137,Navio215,52,13,135116,8,19,28,6,90,2005,CG,Porto118,Porto178,1
138,Navio718,15,15,74370,15,18,25,13,14,2014,GL,Porto7,Porto179,0
139,Navio839,54,6,99936,16,19,16,10,98,2022,GLP,Porto74,Porto198,1
140,Navio736,30,16,160461,9,19,12,18,72,2002,GSM,Porto28,Porto145,1
141,Navio95,50,11,102614,17,9,18,7,89,2000,GSM,Porto131,Porto73,1
142,Navio1121,30,17,109151,18,18,11,15,69,2014,GLP,Porto146,Porto149,0
143,Navio724,21,8,114750,18,9,29,8,14,2018,GS,Porto85,Porto147,0
144,Navio511,44,7,49687,10,15,16,14,51,2019,GL,Porto143,Porto141,0
145,Navio627,33,12,147615,18,10,21,5,10,2018,GS,Porto1,Porto15,0
146,Navio470,22,11,110362,8,15,32,12,70,2016,GLP,Porto25,Porto123,0
147,Navio370,41,15,40967,9,17,11,5,67,2005,GLP,Porto70,Porto186,1
148,Navio712,43,15,141575,18,8,31,14,11,2011,CG,Porto52,Porto142,0
149,Navio174,34,10,116491,15,13,13,16,79,2016,GS,Porto189,Porto53,0
150,Navio804,22,7,178521,15,12,15,14,54,2017,GL,Porto12,Porto26,1
151,Navio954,32,7,71605,11,9,22,19,105,2019,CNTR,Porto191,Porto128,0
152,Navio534,53,11,51189,8,11,26,7,14,2003,GSM,Porto158,Porto118,1
153,Navio1142,44,8,127538,13,9,24,14,85,2014,GS,Porto63,Porto177,0
154,Navio319,47,7,123735,19,19,20,10,11,2006,GS,Porto7,Porto182,1
155,Navio883,52,10,48510,18,18,15,7,20,2013,CG,Porto89,Porto73,0
156,Navio447,16,12,66863,19,10,22,14,39,2014,CNTR,Porto47,Porto106,1
157,Navio912,22,6,152815,11,16,28,17,108,2010,GSM,Porto121,Porto140,0
158,Navio113,58,13,116338,18,13,19,17,61,2009,CNTR,Porto175,Porto42,0
159,Navio600,32,17,59697,15,9,13,17,82,2015,GSM,Porto177,Porto103,0
160,Navio655,15,14,82351,16,9,22,19,82,2000,GL,Porto16,Porto124,1
161,Navio578,30,8,164158,17,15,11,7,38,2017,CG,Porto89,Porto118,1
162,Navio640,33,11,188974,8,17,11,8,45,2002,CG,Porto41,Porto16,1
163,Navio642,29,12,75881,8,13,28,7,63,2014,GSM,Porto137,Porto169,0
164,Navio53,20,10,71028,14,14,25,17,30,2019,GS,Porto98,Porto196,0
165,Navio869,25,17,31248,15,14,26,6,100,2012,CG,Porto53,Porto7,0
166,Navio230,56,14,35050,9,11,34,7,16,2007,CG,Porto185,Porto160,0
167,Navio328,43,13,123515,10,18,31,6,80,2002,CG,Porto163,Porto165,1
168,Navio695,54,12,166804,17,12,14,5,54,2018,GLP,Porto147,Porto89,1
169,Navio877,55,9,117273,13,9,19,13,73,2016,GL,Porto47,Porto42,0
170,Navio330,40,6,90430,16,16,22,18,115,2022,CNTR,Porto94,Porto171,0
171,Navio273,44,14,95562,11,14,33,18,38,2001,GS,Porto172,Porto160,1
172,Navio694,52,16,140092,9,12,27,10,103,2002,CNTR,Porto24,Porto33,1
173,Navio219,42,13,181265,14,16,28,16,74,2019,GS,Porto40,Porto11,1
174,Navio421,16,15,93955,19,13,30,9,26,2004,CG,Porto174,Porto22,1
175,Navio620,57,15,79299,16,14,19,7,58,2004,CNTR,Porto23,Porto39,1
176,Navio760,27,10,123878,9,18,33,11,76,2003,GSM,Porto86,Porto9,1
177,Navio314,18,14,107334,10,11,29,17,52,2021,GS,Porto169,Porto112,0
178,Navio785,27,14,109241,16,11,30,16,16,2001,CG,Porto175,Porto56,1
179,Navio183,22,16,35790,14,17,34,18,40,2002,CG,Porto174,Porto116,1
180,Navio641,48,17,183297,19,9,29,8,36,2015,CNTR,Porto192,Porto6,1
181,Navio168,31,16,81348,17,17,22,9,99,2013,GLP,Porto149,Porto150,0
182,Navio546,56,9,146624,16,14,25,13,35,2017,CNTR,Porto126,Porto188,0
183,Navio789,41,7,61221,17,13,19,9,11,2011,CG,Porto88,Porto167,0
184,Navio485,45,17,140821,10,11,11,17,65,2009,GS,Porto80,Porto5,0
185,Navio343,23,16,99694,12,12,25,16,80,2016,CNTR,Porto77,Porto95,0
186,Navio483,42,7,51483,15,13,26,16,67,2020,GSM,Porto57,Porto4,0
187,Navio349,30,12,47973,13,19,13,6,60,2000,GS,Porto51,Porto17,1
188,Navio900,30,9,75409,8,15,13,5,29,2006,GL,Porto112,Porto28,0
189,Navio575,20,8,98321,8,9,19,16,29,2004,GS,Porto14,Porto36,1
190,Navio553,56,10,169893,19,16,16,9,65,2010,CG,Porto28,Porto195,1
191,Navio525,50,12,57978,15,8,30,9,31,2008,CNTR,Porto31,Porto99,0
192,Navio401,45,9,103048,13,19,10,18,102,2011,GSM,Porto2,Porto97,1
193,Navio99,45,8,79056,12,12,10,19,27,2018,GS,Porto22,Porto158,0
194,Navio67,53,6,60068,8,12,19,19,40,2003,GLP,Porto112,Porto196,1
195,Navio74,27,12,57641,11,12,11,14,61,2003,GS,Porto128,Porto49,1
196,Navio905,58,12,112186,16,11,33,11,113,2022,GSM,Porto86,Porto186,0
197,Navio428,45,11,71430,17,9,20,17,75,2020,GSM,Porto193,Porto185,0
198,Navio21,52,13,33801,8,8,33,17,115,2018,CNTR,Porto172,Porto125,0
199,Navio299,40,15,122404,12,17,21,14,41,2002,GS,Porto94,Porto112,1
200,Navio744,21,13,171872,8,17,20,16,56,2004,CNTR,Porto143,Porto182,1
201,Navio317,44,8,73507,9,17,16,9,65,2020,GLP,Porto20,Porto173,0
202,Navio83,51,15,83918,16,10,26,15,79,2001,CG,Porto163,Porto88,1
203,Navio480,46,10,183207,15,12,21,6,15,2008,CG,Porto153,Porto169,1
204,Navio4,18,6,65327,10,17,17,16,114,2000,GSM,Porto118,Porto37,1
205,Navio192,44,9,192030,9,14,27,15,54,2009,GSM,Porto7,Porto181,1
206,Navio933,39,15,107547,9,17,28,7,96,2010,CNTR,Porto10,Porto127,0
207,Navio133,26,7,160746,15,12,12,8,73,2020,GSM,Porto69,Porto134,1
208,Navio748,26,7,102520,17,8,30,9,117,1998,GS,Porto159,Porto183,1
209,Navio500,38,17,42511,19,18,22,8,96,2016,GLP,Porto23,Porto10,1
210,Navio372,57,10,166407,17,12,33,6,57,2021,GSM,Porto10,Porto53,1
211,Navio382,31,15,150698,18,14,22,13,52,2012,GL,Porto176,Porto136,0
212,Navio96,15,7,168576,17,19,33,9,94,1998,CG,Porto40,Porto182,1
213,Navio141,55,11,96095,18,9,20,5,25,2018,CG,Porto12,Porto173,0
214,Navio561,44,14,53450,19,14,24,14,72,2017,CG,Porto56,Porto29,1
215,Navio275,17,16,107261,19,16,28,19,29,2011,GLP,Porto1,Porto198,1
216,Navio380,28,8,157322,16,19,33,6,105,2015,CNTR,Porto89,Porto165,1
217,Navio324,28,8,43652,9,15,28,12,23,2000,CNTR,Porto57,Porto170,1
218,Navio864,45,11,132639,15,18,24,7,62,2006,CNTR,Porto173,Porto143,0
219,Navio10,38,12,111144,16,14,32,15,17,2020,GSM,Porto8,Porto167,0
220,Navio381,22,6,133439,16,13,26,6,119,2019,CNTR,Porto62,Porto181,0
221,Navio584,21,6,106919,14,10,31,15,105,2018,GL,Porto152,Porto184,0
222,Navio574,15,14,34383,9,18,32,13,27,2006,GLP,Porto147,Porto27,0
223,Navio344,28,9,97964,15,15,32,16,18,2009,CG,Porto5,Porto175,0
224,Navio495,55,12,148262,16,16,19,17,11,2020,GSM,Porto75,Porto193,0
225,Navio139,34,16,165215,15,15,26,8,39,2021,GSM,Porto170,Porto15,1
226,Navio2,15,12,41532,8,11,30,8,99,2015,GL,Porto27,Porto55,0
227,Navio818,24,15,103982,16,8,25,16,114,2008,CNTR,Porto98,Porto32,0
228,Navio389,32,10,73675,18,12,24,12,59,2006,GL,Porto17,Porto153,0
229,Navio543,21,9,35675,14,8,29,6,41,2006,GLP,Porto116,Porto141,0
230,Navio455,18,14,57807,17,8,17,8,78,2007,GS,Porto57,Porto163,0
231,Navio783,47,17,44222,15,16,25,13,39,1998,CG,Porto3,Porto171,1
232,Navio1115,35,12,104101,8,12,11,16,36,2007,GLP,Porto63,Porto70,0
233,Navio320,34,16,172914,10,15,29,15,30,2004,CNTR,Porto109,Porto119,1
234,Navio210,26,9,184819,15,13,21,15,113,2005,GSM,Porto32,Porto145,1
235,Navio110,24,16,199509,12,19,21,10,23,2018,GS,Porto154,Porto70,1
236,Navio682,17,12,98441,14,11,14,11,90,2003,GS,Porto98,Porto42,1
237,Navio1150,38,12,53040,12,10,34,19,84,2017,GL,Porto169,Porto197,0
238,Navio24,23,16,167731,12,11,18,15,91,2008,GSM,Porto188,Porto31,1
239,Navio248,48,13,175424,14,11,25,11,46,2006,CNTR,Porto142,Porto121,1
240,Navio48,43,12,71317,12,11,10,15,12,2009,CNTR,Porto180,Porto100,0
241,Navio17,54,10,76146,18,13,13,10,27,2008,GS,Porto74,Porto2,0
242,Navio226,50,14,95175,17,16,19,14,57,2013,GS,Porto174,Porto95,0
243,Navio63,16,10,137780,12,10,29,12,33,2018,GLP,Porto13,Porto41,0
244,Navio251,51,11,37897,11,12,13,10,56,2010,CNTR,Porto82,Porto107,0
245,Navio288,32,15,194005,8,14,32,17,42,2018,GL,Porto59,Porto166,1
246,Navio612,21,7,176410,8,9,29,17,45,2015,GSM,Porto154,Porto158,1
247,Navio417,32,9,78911,10,17,30,5,72,2011,CNTR,Porto7,Porto112,0
248,Navio729,58,16,192133,11,15,34,8,110,2020,CNTR,Porto103,Porto1,1
249,Navio822,29,8,60044,19,10,26,5,84,2015,GS,Porto120,Porto182,1
250,Navio786,44,14,171754,9,9,25,16,72,2000,GSM,Porto147,Porto161,1
251,Navio75,57,17,106989,17,15,22,8,47,2016,GSM,Porto68,Porto90,0
252,Navio162,19,6,145484,12,9,15,14,13,2021,CNTR,Porto168,Porto9,0
253,Navio240,22,10,47740,8,19,29,5,112,2005,GL,Porto85,Porto55,1
254,Navio523,38,12,98501,9,8,29,18,36,2017,GL,Porto160,Porto192,0
255,Navio264,40,6,150818,11,19,31,6,95,2022,CNTR,Porto113,Porto52,1
256,Navio277,52,11,197930,13,12,31,12,87,2008,CNTR,Porto16,Porto41,1
257,Navio436,50,7,94517,19,11,18,7,11,2000,GSM,Porto163,Porto8,1
258,Navio1052,57,13,128973,15,15,24,16,23,2019,CNTR,Porto185,Porto168,0
259,Navio400,38,9,79559,15,19,29,16,94,2020,GS,Porto103,Porto37,1
260,Navio623,42,6,31517,18,8,20,13,64,2004,CNTR,Porto186,Porto95,1
261,Navio857,16,11,155743,16,11,29,12,43,2004,CNTR,Porto179,Porto130,1
262,Navio675,57,13,174998,10,12,20,5,66,2007,GL,Porto153,Porto49,1
263,Navio743,25,6,116403,17,11,17,18,111,2011,CNTR,Porto31,Porto83,0
264,Navio336,35,12,162597,10,10,18,19,26,2007,CG,Porto11,Porto38,1
265,Navio271,33,6,150940,15,13,26,18,71,2005,GL,Porto123,Porto95,1
266,Navio281,42,14,60063,14,12,11,19,46,2005,CG,Porto17,Porto156,1
267,Navio648,27,10,176279,14,10,10,12,78,2022,CG,Porto18,Porto198,1
268,Navio891,23,10,121943,13,14,32,13,56,2021,CNTR,Porto138,Porto181,0
269,Navio502,34,13,64093,9,16,18,12,34,2022,GS,Porto91,Porto151,0
270,Navio1079,33,16,129965,18,8,27,14,69,2018,GL,Porto167,Porto91,0
271,Navio580,52,17,137902,15,15,26,5,39,2002,GLP,Porto120,Porto69,1
272,Navio186,56,7,104193,12,15,12,6,65,2019,CNTR,Porto187,Porto108,0
273,Navio57,30,9,68067,12,11,10,5,48,2018,CG,Porto131,Porto52,0
274,Navio777,30,14,67294,14,14,23,8,114,2011,GS,Porto164,Porto197,0
275,Navio541,22,6,195416,9,12,34,6,61,2016,CG,Porto142,Porto63,1
276,Navio44,25,15,147435,12,9,10,16,81,2009,GS,Porto28,Porto66,0
277,Navio911,48,7,39303,17,8,15,14,112,2006,GS,Porto41,Porto183,0
278,Navio358,56,11,76889,14,8,11,15,43,2021,CNTR,Porto79,Porto121,0
279,Navio117,50,15,148588,14,15,15,11,88,2000,GSM,Porto62,Porto47,1
280,Navio479,34,8,98833,19,19,22,12,20,2011,GLP,Porto36,Porto192,1
281,Navio37,29,6,121540,9,10,22,10,63,2016,CNTR,Porto154,Porto52,0
282,Navio460,19,14,53263,15,10,29,17,89,2013,GS,Porto58,Porto24,0
283,Navio889,16,9,122698,8,18,23,14,68,2020,GS,Porto119,Porto171,0
284,Navio87,35,6,71343,8,14,16,9,87,2010,GSM,Porto40,Porto197,0
285,Navio276,20,7,155965,13,14,33,16,19,2011,CG,Porto46,Porto110,1
286,Navio437,34,8,182596,17,14,12,18,48,2007,GS,Porto160,Porto2,1
287,Navio221,40,13,174619,8,19,15,19,76,2009,CG,Porto121,Porto140,1
288,Navio664,33,15,147612,8,11,22,18,63,2007,GSM,Porto71,Porto73,0
289,Navio566,56,14,145336,16,14,34,18,105,2015,GL,Porto64,Porto84,0
290,Navio611,20,14,102003,9,18,33,8,115,2015,CNTR,Porto192,Porto17,0
291,Navio982,22,9,46173,12,8,17,14,99,2010,GS,Porto146,Porto26,0
292,Navio582,34,8,180296,15,18,33,7,87,2011,GL,Porto4,Porto39,1
293,Navio815,35,13,33767,9,9,19,18,83,2005,GS,Porto79,Porto20,1
294,Navio631,20,16,132482,11,16,14,5,66,1999,GL,Porto22,Porto89,1
295,Navio1041,16,8,52614,8,18,23,16,102,2020,GS,Porto151,Porto68,0
296,Navio702,33,17,46812,8,14,13,8,20,2001,CG,Porto80,Porto62,1
297,Navio1039,41,13,39257,12,15,30,6,39,2017,GLP,Porto29,Porto92,0
298,Navio547,53,14,170826,8,11,34,12,60,2011,GL,Porto13,Porto163,1
299,Navio552,16,15,90087,14,15,24,12,22,2004,GS,Porto85,Porto62,1
300,Navio796,51,10,179021,13,15,20,5,56,2017,CG,Porto70,Porto82,1
301,Navio775,45,16,155267,19,8,26,14,104,2001,GLP,Porto26,Porto64,1
302,Navio850,34,10,161699,15,18,23,7,27,1999,CG,Porto142,Porto44,1
303,Navio179,21,12,104642,13,14,23,7,16,2022,CG,Porto45,Porto80,0
304,Navio390,22,10,80914,18,19,10,18,95,2003,GLP,Porto151,Porto70,1
305,Navio792,34,14,108240,13,12,27,10,53,2017,GSM,Porto167,Porto175,0
306,Navio689,56,11,91781,8,16,27,7,39,2002,GLP,Porto22,Porto27,1
307,Navio506,21,10,56379,18,12,22,16,22,1998,GSM,Porto99,Porto153,1
308,Navio619,20,17,176548,18,13,28,17,103,2016,GLP,Porto196,Porto174,1
309,Navio355,25,9,116050,13,11,19,10,31,2012,CG,Porto147,Porto39,0
310,Navio779,52,16,116409,16,18,20,11,12,2001,GLP,Porto1,Porto32,1
311,Navio942,18,13,75989,11,17,26,8,33,2014,CNTR,Porto158,Porto151,0
312,Navio126,56,9,160045,16,18,11,9,70,2002,GL,Porto60,Porto172,1
313,Navio709,39,6,134232,12,12,26,14,39,2006,GS,Porto159,Porto83,0
314,Navio65,56,12,147484,18,16,10,17,71,2010,CG,Porto60,Porto28,0
315,Navio1028,39,9,121934,17,15,15,5,98,2012,GL,Porto120,Porto30,0
316,Navio54,53,17,79992,16,10,28,8,74,2007,GLP,Porto181,Porto123,0
317,Navio1026,18,10,30653,9,14,26,17,95,2021,CG,Porto182,Porto143,0
318,Navio345,20,8,158772,11,11,34,17,110,2019,GS,Porto7,Porto40,1
319,Navio412,56,6,33643,19,17,28,15,84,2014,GLP,Porto119,Porto85,1
320,Navio307,15,17,130482,15,14,25,5,78,2020,GLP,Porto130,Porto116,0
321,Navio371,50,7,88503,9,13,29,13,13,2003,GSM,Porto165,Porto99,1
322,Navio268,45,15,189561,18,11,22,8,51,2012,GSM,Porto196,Porto100,1
323,Navio329,51,14,146814,12,16,34,10,19,2004,GS,Porto141,Porto172,1
324,Navio203,53,8,139053,14,8,12,18,82,2005,GL,Porto84,Porto41,1
325,Navio722,42,11,77749,17,15,23,17,53,2021,CNTR,Porto46,Porto98,0
326,Navio255,20,11,190552,12,19,14,15,75,2009,CG,Porto141,Porto174,1
327,Navio854,32,12,84512,16,17,23,15,99,2001,CG,Porto72,Porto153,1
328,Navio651,38,17,71288,12,14,26,14,116,2014,GS,Porto51,Porto77,0
329,Navio404,48,16,85167,19,17,15,5,60,2007,GS,Porto71,Porto8,1
330,Navio433,21,11,81040,11,12,21,14,106,2009,GL,Porto11,Porto5,0
331,Navio233,41,9,40434,14,17,18,8,11,2018,CNTR,Porto71,Porto26,0
332,Navio795,34,6,161460,16,16,10,14,87,2022,GS,Porto6,Porto50,1
333,Navio342,22,8,38665,14,11,15,17,68,2008,GSM,Porto57,Porto38,0
334,Navio213,25,12,59568,15,11,23,6,56,2000,GL,Porto134,Porto181,1
335,Navio661,18,16,46937,10,15,31,6,110,2002,CNTR,Porto119,Porto32,1
336,Navio394,31,16,47698,15,13,28,11,72,2022,CG,Porto68,Porto123,0
337,Navio501,47,6,178862,15,13,22,17,91,2019,CG,Porto159,Porto123,1
338,Navio819,59,16,72844,19,9,30,6,39,2022,GSM,Porto93,Porto14,1
339,Navio799,27,15,37830,13,9,11,6,85,2015,GL,Porto20,Porto135,0
340,Navio554,17,6,166565,11,9,12,16,51,2013,CG,Porto95,Porto92,1
341,Navio520,19,15,102798,13,14,14,14,26,1999,CNTR,Porto91,Porto39,1
342,Navio373,24,6,41352,16,18,32,11,92,2003,GLP,Porto184,Porto157,1
343,Navio170,44,17,117199,13,12,32,10,31,2005,GS,Porto106,Porto76,1
344,Navio562,44,17,168130,13,8,10,9,42,2007,CNTR,Porto18,Porto107,1
345,Navio431,46,17,100695,12,12,12,13,102,2005,GS,Porto6,Porto184,1
346,Navio396,39,17,133419,18,16,22,10,31,2021,GSM,Porto138,Porto199,0
347,Navio802,27,10,120898,15,11,14,8,74,2022,GS,Porto79,Porto170,0
348,Navio725,34,12,99378,16,13,24,18,114,2019,GSM,Porto190,Porto26,0
349,Navio1011,31,9,63297,17,12,29,16,62,2011,GSM,Porto195,Porto118,0
350,Navio228,24,8,121083,19,18,28,12,47,1999,GL,Porto80,Porto169,1
351,Navio699,50,8,157389,10,16,31,5,81,2015,GLP,Porto160,Porto5,1
352,Navio888,44,16,111647,16,15,14,5,26,2009,GS,Porto9,Porto7,0
353,Navio956,40,7,141262,9,13,32,13,67,2020,GSM,Porto142,Porto108,0
354,Navio459,43,6,176690,15,10,31,13,23,2000,CG,Porto177,Porto196,1
355,Navio101,51,16,112715,13,15,12,17,109,2019,CNTR,Porto172,Porto143,0
356,Navio769,56,13,71118,15,15,28,17,55,2018,GSM,Porto109,Porto102,0
357,Navio1066,25,9,93875,18,12,14,10,37,2016,CNTR,Porto199,Porto86,0
358,Navio473,42,16,68226,9,15,16,10,80,2020,CG,Porto22,Porto102,0
359,Navio368,45,13,42197,10,16,14,8,31,2018,CNTR,Porto125,Porto42,0
360,Navio476,53,15,66984,10,16,22,6,81,2002,GSM,Porto77,Porto116,1
361,Navio1111,56,12,119780,12,16,11,14,43,2020,GL,Porto6,Porto25,0
362,Navio899,39,15,66431,16,9,33,7,56,2013,GL,Porto163,Porto44,0
363,Navio708,40,17,150471,11,17,12,19,109,2007,GL,Porto177,Porto197,0
364,Navio812,18,16,46521,17,10,26,7,11,2010,GSM,Porto122,Porto20,0
365,Navio142,28,9,166698,17,8,34,8,97,2009,GS,Porto13,Porto75,1
366,Navio454,21,6,181433,19,18,19,7,85,2007,GS,Porto84,Porto155,1
367,Navio1003,18,15,59097,13,9,34,10,34,2016,CG,Porto90,Porto162,0
368,Navio666,41,6,78441,9,14,21,12,24,1999,GL,Porto11,Porto169,1
369,Navio337,33,13,136353,8,12,24,11,47,2019,GS,Porto144,Porto111,0
370,Navio89,38,10,56087,19,12,13,11,100,2018,GS,Porto9,Porto124,1
371,Navio728,35,6,80127,14,14,15,14,54,2012,GSM,Porto30,Porto127,0
372,Navio594,20,16,105635,8,13,33,17,100,2015,GLP,Porto89,Porto38,0
373,Navio1104,46,7,46840,10,9,18,10,23,2012,GLP,Porto116,Porto29,0
374,Navio13,39,14,114149,14,13,34,9,48,2008,GLP,Porto88,Porto107,0
375,Navio630,32,16,49785,10,17,27,7,30,2010,GL,Porto72,Porto95,0
376,Navio1090,33,9,117896,8,9,30,15,91,2021,CNTR,Porto143,Porto29,0
377,Navio413,24,10,71380,11,13,22,16,28,1999,CG,Porto179,Porto143,1
378,Navio191,53,14,55918,19,19,20,6,32,2012,GS,Porto191,Porto127,1
379,Navio212,35,15,193721,9,11,10,5,48,2009,CNTR,Porto49,Porto176,1
380,Navio596,51,6,133249,13,17,27,15,78,2019,GSM,Porto173,Porto147,0
381,Navio583,39,15,95096,18,18,22,12,55,1999,GL,Porto179,Porto31,1
382,Navio97,46,11,192740,12,12,13,5,105,2016,CG,Porto159,Porto84,1
383,Navio88,50,16,69414,11,12,34,6,94,1999,GL,Porto35,Porto160,1
384,Navio195,59,10,101906,11,18,26,5,117,1999,GS,Porto139,Porto26,1
385,Navio452,50,8,184084,11,18,22,19,50,2004,GL,Porto138,Porto18,1
386,Navio852,23,14,108637,8,15,15,13,93,2013,GSM,Porto4,Porto122,0
387,Navio105,49,17,60207,14,9,29,18,119,2020,GS,Porto106,Porto27,0
388,Navio1032,29,14,93106,10,13,24,14,62,2018,GL,Porto111,Porto82,0
389,Navio146,18,14,94540,8,15,16,14,106,2003,CNTR,Porto47,Porto24,1
390,Navio616,29,13,181164,10,17,25,6,64,2004,GL,Porto91,Porto186,1
391,Navio621,18,12,197796,10,16,16,12,21,2022,GS,Porto158,Porto116,1
392,Navio738,38,8,126580,18,12,15,10,50,2005,GLP,Porto152,Porto104,1
393,Navio340,50,6,58467,13,17,12,5,109,2008,CG,Porto94,Porto158,0
394,Navio1055,38,13,119606,13,13,14,16,24,2008,GLP,Porto169,Porto131,0
395,Navio393,17,17,105147,14,19,32,11,106,2015,CG,Porto30,Porto119,1
396,Navio94,56,12,92081,18,12,13,11,108,2018,CG,Porto188,Porto112,0
397,Navio149,58,14,196785,17,11,11,14,110,2009,CG,Porto193,Porto63,1
398,Navio42,47,14,32026,18,13,21,17,24,2004,GLP,Porto103,Porto52,1
399,Navio741,53,7,143984,9,8,14,7,91,2014,GS,Porto118,Porto76,0
400,Navio898,21,16,51046,15,17,26,14,29,2007,CNTR,Porto43,Porto36,0
401,Navio1094,22,8,43177,14,8,21,8,38,2007,GL,Porto61,Porto129,0
402,Navio204,50,15,111627,17,18,16,11,64,2015,GS,Porto26,Porto29,0
403,Navio626,29,12,80866,10,12,25,6,113,2010,GL,Porto173,Porto199,0
404,Navio354,41,13,120530,13,15,18,16,82,2016,GSM,Porto84,Porto49,0
405,Navio172,40,12,138176,18,17,20,17,12,2007,GS,Porto96,Porto26,0
406,Navio697,48,15,62050,9,8,11,10,117,2012,GLP,Porto153,Porto68,0
407,Navio688,19,10,84500,8,19,26,5,106,2012,CNTR,Porto184,Porto21,1
408,Navio144,39,11,92930,18,13,19,7,41,2021,GSM,Porto26,Porto80,0
409,Navio773,55,17,133994,19,15,18,11,77,2018,GSM,Porto199,Porto45,1
410,Navio165,37,10,139132,18,12,10,18,42,2004,GS,Porto31,Porto124,1
411,Navio657,24,10,196026,12,13,32,14,74,2022,CNTR,Porto112,Porto24,1
412,Navio311,51,8,177481,13,13,20,7,11,2000,GSM,Porto45,Porto18,1
413,Navio923,20,9,96471,15,17,29,18,16,2021,GSM,Porto81,Porto71,0
414,Navio49,49,14,127072,12,11,23,7,96,2003,GL,Porto153,Porto105,1
415,Navio206,20,9,128229,14,19,32,5,106,2006,GS,Porto68,Porto15,1
416,Navio442,48,11,151584,13,16,31,9,87,2014,GL,Porto154,Porto95,0
417,Navio639,48,11,108093,9,8,12,10,72,2014,GLP,Porto40,Porto82,0
418,Navio606,37,17,111343,10,11,11,16,92,2000,CG,Porto166,Porto184,1
419,Navio757,16,15,116223,18,19,16,15,102,2010,GL,Porto48,Porto44,1
420,Navio860,31,16,82091,12,8,32,17,110,2011,GL,Porto147,Porto103,0
421,Navio3,18,7,153362,9,11,31,12,114,2005,GS,Porto83,Porto154,1
422,Navio1,59,11,197899,14,17,17,16,83,2020,GL,Porto102,Porto107,1
423,Navio202,27,11,52764,11,18,31,10,99,2007,GLP,Porto13,Porto21,0
424,Navio656,27,14,45785,18,12,25,11,36,2021,GLP,Porto199,Porto41,0
425,Navio955,52,10,100756,12,15,29,7,37,2010,GSM,Porto126,Porto75,0
426,Navio173,31,7,137936,12,12,26,9,21,2007,GSM,Porto7,Porto91,0
427,Navio537,15,16,199053,19,14,18,14,38,2004,GLP,Porto94,Porto62,1
428,Navio762,36,10,146641,8,19,32,15,35,2014,GSM,Porto37,Porto7,1
429,Navio387,50,15,183684,10,12,33,7,78,2022,CG,Porto10,Porto73,1
430,Navio1147,44,17,64546,11,8,12,10,19,2007,GS,Porto35,Porto147,0
431,Navio51,15,10,156177,9,10,20,6,28,2005,CNTR,Porto26,Porto179,1
432,Navio287,45,17,61784,10,13,29,14,113,2017,GLP,Porto103,Porto34,0
433,Navio272,32,7,78080,11,17,11,11,103,2022,CNTR,Porto85,Porto95,0
434,Navio410,37,11,121295,14,15,25,8,29,2009,GSM,Porto7,Porto128,0
435,Navio259,32,6,171625,18,15,28,19,101,2022,GLP,Porto178,Porto18,1
436,Navio295,56,6,124340,19,15,27,13,82,2009,CNTR,Porto60,Porto140,1
437,Navio1033,16,10,82645,16,14,12,16,88,2007,GL,Porto57,Porto173,0
438,Navio676,43,15,128540,17,19,22,8,109,2010,GSM,Porto41,Porto28,1
439,Navio62,16,7,46890,18,9,34,11,119,2006,CG,Porto185,Porto87,0
440,Navio445,27,17,32100,16,18,34,15,83,1999,GSM,Porto144,Porto184,1
441,Navio130,37,7,170392,9,15,16,18,102,2011,CNTR,Porto144,Porto144,1
442,Navio770,36,6,186974,10,19,14,14,34,2006,GSM,Porto35,Porto147,1
443,Navio526,24,13,74311,9,15,30,10,74,2012,CG,Porto163,Porto71,0
444,Navio443,58,10,130023,16,19,16,8,53,1999,GS,Porto195,Porto168,1
445,Navio198,18,15,109413,13,14,15,19,46,2014,GSM,Porto161,Porto65,0
446,Navio298,24,15,185335,12,17,29,17,85,1998,GL,Porto47,Porto108,1
447,Navio422,35,6,41321,19,19,34,19,102,2012,GLP,Porto178,Porto117,1
448,Navio81,18,6,109244,15,9,20,7,41,2000,GSM,Porto112,Porto78,1
449,Navio418,35,8,55122,18,9,12,10,10,2021,CG,Porto85,Porto177,0
450,Navio93,20,14,58258,13,14,22,13,52,2010,GLP,Porto46,Porto175,0
451,Navio313,39,14,146849,15,17,28,9,16,2002,GL,Porto107,Porto140,1
452,Navio932,50,10,121397,16,10,15,11,38,2019,GL,Porto124,Porto47,0
453,Navio414,15,6,114421,16,14,23,15,85,2015,GSM,Porto78,Porto132,0
454,Navio987,22,7,152764,18,10,15,12,84,2022,CNTR,Porto128,Porto15,0
455,Navio1043,16,6,134372,14,10,12,9,11,2012,GS,Porto89,Porto52,0
456,Navio1098,59,15,30586,10,18,19,16,114,2019,GL,Porto102,Porto11,0
457,Navio461,41,11,74189,11,14,10,5,20,2000,GL,Porto147,Porto74,1
458,Navio1051,28,16,84928,16,16,20,14,61,2012,CNTR,Porto107,Porto141,0
459,Navio761,27,15,173064,8,15,24,6,20,2003,CNTR,Porto142,Porto27,1
460,Navio603,40,17,100935,19,8,14,8,115,2010,GL,Porto12,Porto2,1
461,Navio609,52,14,89299,10,13,25,19,72,2002,CG,Porto36,Porto97,1
462,Navio735,27,10,62240,16,16,11,13,59,2000,CG,Porto36,Porto172,1
463,Navio334,37,9,117432,11,15,15,18,37,1999,GLP,Porto11,Porto5,1
464,Navio293,58,8,131423,13,13,20,11,20,2009,GL,Porto199,Porto193,0
465,Navio720,18,17,171631,19,18,18,16,83,2020,GL,Porto54,Porto86,1
466,Navio100,15,12,156928,15,10,33,9,34,2010,GLP,Porto75,Porto9,1
467,Navio950,49,8,96910,8,8,28,8,61,2008,GLP,Porto157,Porto71,0
468,Navio350,26,15,144850,16,10,21,19,111,2007,GS,Porto50,Porto87,0
469,Navio211,55,7,169944,17,8,29,12,52,2001,GSM,Porto19,Porto13,1
470,Navio154,46,8,96956,17,11,20,16,11,2014,CG,Porto102,Porto177,0
471,Navio193,16,11,31722,16,18,19,16,19,2003,GS,Porto197,Porto150,1
472,Navio858,44,10,75368,11,12,32,11,34,1999,CNTR,Porto158,Porto121,1
473,Navio238,25,16,131094,15,13,22,16,71,2017,CNTR,Porto54,Porto22,0
474,Navio223,35,10,75807,9,13,10,10,73,2020,GSM,Porto106,Porto160,0
475,Navio231,38,11,111406,9,10,25,5,61,2009,GS,Porto28,Porto167,0
476,Navio947,32,11,68764,16,18,21,12,49,2018,GS,Porto105,Porto85,0
477,Navio838,29,6,103943,17,8,14,18,30,2015,GS,Porto60,Porto112,0
478,Navio829,42,17,197964,9,12,34,13,116,2007,GL,Porto123,Porto74,1
479,Navio585,35,14,137851,17,10,28,15,65,2022,GLP,Porto54,Porto164,0
480,Navio1031,36,13,89899,18,8,30,15,77,2019,GL,Porto138,Porto6,0
481,Navio123,32,14,165977,8,8,33,10,14,2016,GL,Porto152,Porto86,1
482,Navio167,26,11,55626,10,14,26,16,114,1998,CG,Porto75,Porto132,1
483,Navio717,34,10,150954,14,10,22,13,71,2010,CNTR,Porto130,Porto191,0
484,Navio310,57,6,81469,8,18,31,17,107,2021,GL,Porto78,Porto40,0
485,Navio559,51,12,45974,16,11,28,18,110,2017,GSM,Porto143,Porto79,0
486,Navio659,19,8,60726,19,15,19,18,74,2006,CNTR,Porto187,Porto63,1
487,Navio800,41,14,184422,17,11,31,17,41,2000,GS,Porto29,Porto90,1
488,Navio1081,30,15,136367,16,10,13,13,35,2008,GSM,Porto121,Porto84,0
489,Navio364,38,10,105200,14,11,31,9,46,2019,GS,Porto35,Porto25,0
490,Navio1113,17,8,104542,12,8,16,18,13,2008,GSM,Porto100,Porto11,0
491,Navio300,47,13,146009,14,14,34,10,111,2002,GSM,Porto181,Porto104,1
492,Navio810,25,10,98832,17,19,13,13,64,2003,GLP,Porto136,Porto79,1
493,Navio20,32,13,85793,10,12,33,13,84,2015,GLP,Porto162,Porto91,0
494,Navio122,35,7,93432,19,19,30,13,80,2011,GLP,Porto55,Porto73,1
495,Navio283,54,11,175594,9,8,19,17,56,2021,GL,Porto173,Porto98,1
496,Navio312,45,12,114829,15,12,10,17,10,2004,GSM,Porto56,Porto87,1
497,Navio542,45,7,75979,15,15,25,18,54,2001,GL,Porto167,Porto151,1
498,Navio590,43,9,81950,16,18,30,7,74,2011,GS,Porto132,Porto189,0
499,Navio403,35,17,31633,13,14,32,14,15,2006,GS,Porto165,Porto159,0
500,Navio723,50,14,114819,17,18,11,14,92,2009,GSM,Porto130,Porto38,0
501,Navio296,44,15,49447,17,15,13,18,92,2006,GS,Porto104,Porto137,0
502,Navio918,38,12,139329,17,16,29,13,70,2017,CG,Porto136,Porto18,0
503,Navio498,25,8,179230,12,15,33,5,110,2001,GS,Porto115,Porto76,1
504,Navio376,21,6,30021,10,17,25,7,57,2007,CNTR,Porto196,Porto23,0
505,Navio214,58,16,178259,10,10,12,14,119,2021,GLP,Porto140,Porto45,1
506,Navio450,39,12,93233,11,16,34,6,32,2019,CNTR,Porto106,Porto25,0
507,Navio397,19,10,42609,10,14,21,19,119,2008,GSM,Porto160,Porto118,0
508,Navio333,29,12,56532,18,9,16,10,100,2022,GLP,Porto94,Porto131,0
509,Navio135,31,8,173713,9,8,24,13,64,2009,GS,Porto33,Porto14,1
510,Navio1136,19,8,152933,11,14,15,17,104,2014,CNTR,Porto56,Porto12,0
511,Navio764,40,8,121582,14,11,27,18,50,1999,GS,Porto172,Porto74,1
512,Navio1110,31,15,41369,10,17,24,6,86,2019,GLP,Porto29,Porto88,0
513,Navio30,15,6,99306,14,19,13,6,82,2003,GL,Porto103,Porto132,1
514,Navio684,56,14,175667,18,14,17,18,91,1999,GL,Porto144,Porto60,1
515,Navio503,41,8,73301,19,14,30,6,116,2007,CG,Porto180,Porto26,1
516,Navio837,38,16,185929,11,14,32,7,81,2007,GSM,Porto26,Porto22,1
517,Navio280,17,12,57787,14,8,26,6,48,2019,CG,Porto3,Porto81,0
518,Navio558,42,14,175847,10,19,28,18,37,2000,GL,Porto152,Porto57,1
519,Navio468,23,14,152244,10,11,22,8,78,2021,GL,Porto118,Porto71,0
520,Navio68,26,7,184091,10,10,22,10,60,2000,GL,Porto169,Porto102,1
521,Navio528,41,12,41520,13,10,10,7,12,2020,GLP,Porto113,Porto90,0
522,Navio658,33,11,104346,10,18,18,16,17,2013,GSM,Porto139,Porto154,0
523,Navio227,54,16,128653,12,18,29,7,90,2002,GLP,Porto170,Porto69,1
524,Navio361,45,15,80827,14,14,22,6,72,2021,GS,Porto194,Porto116,0
525,Navio294,34,15,165035,11,11,34,17,73,2002,CNTR,Porto171,Porto77,1
526,Navio737,48,7,148379,12,15,29,11,22,2007,GS,Porto25,Porto88,0
527,Navio471,18,12,46250,11,8,11,16,111,2007,CNTR,Porto141,Porto25,0
528,Navio11,21,10,68614,16,10,24,19,67,2021,GLP,Porto103,Porto8,0
529,Navio821,53,16,66138,16,18,26,19,43,2020,GLP,Porto3,Porto141,0
530,Navio184,39,13,83067,18,12,13,13,83,2005,CNTR,Porto166,Porto195,1
531,Navio732,56,11,77665,13,14,27,6,112,2005,GSM,Porto72,Porto72,1
532,Navio339,37,10,179769,19,18,21,17,82,2014,CNTR,Porto146,Porto119,1
533,Navio18,38,11,89727,18,18,28,12,55,2021,GLP,Porto50,Porto146,0
534,Navio906,20,11,98839,11,12,33,7,56,2015,CNTR,Porto37,Porto169,0
535,Navio416,51,8,150455,13,14,10,13,53,2013,GL,Porto105,Porto136,0
536,Navio12,39,6,143508,10,18,10,6,67,2019,CG,Porto18,Porto62,0
537,Navio686,51,17,61383,15,13,32,10,106,2020,GS,Porto15,Porto31,0
538,Navio128,51,11,31246,16,13,21,10,57,2008,CNTR,Porto167,Porto97,0
539,Navio1105,33,11,143779,16,8,13,19,10,2014,GS,Porto82,Porto127,0
540,Navio420,57,14,116383,8,18,32,18,57,2000,GSM,Porto157,Porto166,1
541,Navio959,19,13,151017,12,17,33,18,57,2012,CNTR,Porto51,Porto39,0
542,Navio55,55,7,147520,14,11,31,5,64,2014,GL,Porto164,Porto143,0
543,Navio678,38,15,158731,8,19,32,10,32,2003,GL,Porto125,Porto14,1
544,Navio16,53,17,123146,12,19,19,18,80,2005,CG,Porto165,Porto27,1
545,Navio504,29,13,32678,10,11,21,11,53,2010,GL,Porto174,Porto65,0
546,Navio40,16,17,108766,15,19,14,13,18,2001,GL,Porto117,Porto166,1
547,Navio998,26,6,132909,10,14,33,19,110,2008,CNTR,Porto131,Porto186,0
548,Navio853,47,12,107341,18,19,10,12,58,2004,GLP,Porto173,Porto43,1
549,Navio194,46,9,67327,11,9,27,12,119,2009,CG,Porto135,Porto104,0
550,Navio816,52,17,185747,12,18,19,16,53,2007,CG,Porto161,Porto171,1
551,Navio429,42,7,164072,19,8,19,6,15,2006,GL,Porto43,Porto8,1
552,Navio613,27,9,74492,14,19,23,11,67,2005,GS,Porto54,Porto158,1
553,Navio677,41,13,62539,11,12,23,16,100,2005,CG,Porto31,Porto156,1
554,Navio291,33,16,193449,10,17,15,8,45,2022,CNTR,Porto161,Porto89,1
555,Navio767,43,9,176692,16,17,25,18,26,2005,GSM,Porto170,Porto155,1
556,Navio98,20,10,173574,19,14,32,19,13,2021,CG,Porto66,Porto122,1
557,Navio152,23,6,78763,9,19,27,7,101,2006,GS,Porto138,Porto98,1
558,Navio66,50,14,128379,19,8,16,5,103,2009,CG,Porto62,Porto135,1
559,Navio366,21,15,181310,14,8,32,16,81,1998,GS,Porto110,Porto135,1
560,Navio618,22,16,196884,17,18,16,5,52,2022,GL,Porto183,Porto55,1
561,Navio297,36,16,192479,11,15,21,19,47,2011,CG,Porto40,Porto96,1
562,Navio260,50,7,62419,12,13,16,8,48,1998,GSM,Porto198,Porto183,1
563,Navio731,51,7,86617,16,16,33,16,111,2013,GSM,Porto188,Porto176,0
564,Navio196,39,12,161398,13,10,10,10,32,2013,CNTR,Porto195,Porto77,1
565,Navio597,28,11,178153,18,13,29,6,15,2003,GSM,Porto31,Porto71,1
566,Navio39,47,6,37481,13,8,29,6,112,2021,GLP,Porto179,Porto127,0
567,Navio499,49,16,127173,15,19,11,17,46,2022,CG,Porto26,Porto173,1
568,Navio555,43,16,120800,16,8,32,19,116,2013,GS,Porto84,Porto76,0
569,Navio867,35,12,72167,11,18,14,17,88,2006,GL,Porto92,Porto168,0
570,Navio247,39,16,134770,18,8,13,18,109,2015,GL,Porto18,Porto91,0
571,Navio944,26,14,33804,8,8,13,11,81,2006,CG,Porto165,Porto51,0
572,Navio157,17,10,190426,17,19,30,8,67,2006,GS,Porto37,Porto181,1
573,Navio1086,39,10,88554,9,14,16,8,113,2022,CG,Porto62,Porto150,0
574,Navio766,45,13,120328,9,14,24,17,92,2005,GSM,Porto126,Porto30,1
575,Navio567,31,8,139604,9,10,25,8,82,2003,GLP,Porto16,Porto178,1
576,Navio58,19,14,82909,18,12,27,6,104,2018,CNTR,Porto122,Porto131,0
577,Navio513,32,8,48370,11,9,33,15,41,2006,GLP,Porto79,Porto21,0
578,Navio246,49,10,128179,11,18,22,9,34,2001,GS,Porto91,Porto192,1
579,Navio756,58,13,77014,18,14,29,14,39,2005,CG,Porto41,Porto2,1
580,Navio362,58,7,127658,11,8,23,8,13,2002,CG,Porto136,Porto45,1
581,Navio551,43,14,179027,15,13,30,17,57,1998,GS,Porto99,Porto140,1
582,Navio263,51,8,81729,11,8,13,17,13,2006,GLP,Porto149,Porto124,0
583,Navio29,30,15,78813,8,8,29,9,19,2000,GSM,Porto166,Porto11,1
584,Navio589,17,10,129200,11,8,14,14,95,2006,CNTR,Porto182,Porto111,0
585,Navio467,45,6,166857,19,16,22,16,52,2002,GSM,Porto188,Porto84,1
586,Navio451,51,6,62220,8,16,32,17,32,2016,GLP,Porto136,Porto86,0
587,Navio602,23,17,198072,8,14,12,7,44,2001,GL,Porto176,Porto56,1
588,Navio425,31,15,121224,18,9,25,6,103,2021,GSM,Porto38,Porto80,0
589,Navio131,58,9,175356,8,8,33,15,67,2009,GSM,Porto136,Porto106,1
590,Navio70,42,9,68859,18,18,32,16,37,2022,GS,Porto124,Porto94,0
591,Navio488,22,6,182343,19,12,19,18,67,2000,GLP,Porto39,Porto96,1
592,Navio161,47,13,83973,9,14,31,12,103,1999,GLP,Porto169,Porto50,1
593,Navio120,33,14,36579,18,9,14,5,25,2007,CG,Porto50,Porto117,0
594,Navio607,31,17,116252,18,9,33,13,70,2015,CNTR,Porto39,Porto114,0
595,Navio516,35,13,85217,14,15,27,15,105,2009,CNTR,Porto46,Porto95,0
596,Navio155,23,13,72223,11,9,21,19,109,2021,CNTR,Porto132,Porto110,0
597,Navio705,43,10,172247,18,19,21,13,84,2017,GL,Porto57,Porto44,1
598,Navio524,49,9,115643,14,9,28,16,94,2015,CNTR,Porto119,Porto170,0
599,Navio1065,27,16,50000,10,18,33,7,32,2006,GS,Porto113,Porto66,0
600,Navio733,17,9,40169,15,10,22,14,25,1999,CG,Porto9,Porto46,1
601,Navio545,30,9,193442,18,18,14,17,68,2010,CNTR,Porto132,Porto132,1
602,Navio768,59,10,101733,12,17,30,10,21,2002,GL,Porto29,Porto194,1
603,Navio409,48,16,31125,8,13,14,13,66,2008,GSM,Porto25,Porto118,0
604,Navio920,17,13,54564,12,12,20,15,23,2018,GS,Porto118,Porto75,0
605,Navio360,49,14,99596,11,18,31,10,70,2006,GSM,Porto131,Porto181,0
606,Navio302,24,13,155949,17,18,29,13,90,2019,CG,Porto82,Porto41,1
607,Navio308,37,6,71406,18,16,14,6,111,2022,GS,Porto26,Porto187,0
608,Navio509,56,15,178640,17,10,19,8,105,2005,GS,Porto113,Porto106,1
609,Navio490,52,11,179860,19,12,28,16,83,1998,CNTR,Porto163,Porto29,1
610,Navio749,36,12,170600,13,13,14,18,57,2021,GSM,Porto147,Porto157,1
611,Navio322,22,6,166504,11,11,26,6,80,2018,GS,Porto169,Porto104,1
612,Navio827,22,9,48663,17,16,16,15,80,2017,CNTR,Porto7,Porto112,0
613,Navio610,16,13,188156,11,14,15,14,22,1998,GSM,Porto139,Porto16,1
614,Navio856,51,8,73575,9,14,25,7,27,2002,GL,Porto93,Porto188,1
615,Navio1126,36,11,100174,12,15,30,12,98,2010,CNTR,Porto180,Porto66,0
616,Navio463,24,14,51424,18,17,22,12,52,2001,GS,Porto164,Porto102,1
617,Navio486,24,10,138453,11,8,12,16,72,2020,CNTR,Porto41,Porto81,0
618,Navio115,17,8,184007,8,8,31,11,15,2018,CNTR,Porto154,Porto73,1
619,Navio145,17,10,130323,8,19,30,11,47,2013,GS,Porto97,Porto144,1
620,Navio587,43,6,126099,9,19,31,10,50,1998,CG,Porto176,Porto6,1
621,Navio1038,26,11,120177,12,10,26,16,59,2016,CG,Porto197,Porto80,0
622,Navio405,52,6,178851,12,12,27,10,39,2020,GSM,Porto59,Porto145,1
623,Navio828,38,11,137441,8,18,21,6,40,1998,GSM,Porto151,Porto103,1
624,Navio564,27,14,39222,8,8,31,17,96,2016,GSM,Porto67,Porto15,0
625,Navio605,52,7,83195,19,13,31,8,70,2014,GS,Porto102,Porto148,1
626,Navio750,17,14,71765,10,14,21,11,106,2014,GSM,Porto3,Porto30,0
627,Navio531,30,15,85525,16,15,21,16,100,2000,GSM,Porto160,Porto71,1
628,Navio979,44,10,52301,14,16,21,8,24,2014,GSM,Porto115,Porto124,0
629,Navio261,42,9,98288,9,10,30,9,84,2017,CNTR,Porto7,Porto154,0
630,Navio865,34,15,88510,13,15,27,5,93,2008,GL,Porto130,Porto5,0
631,Navio571,41,11,100936,11,9,29,18,10,2000,GS,Porto111,Porto56,1
632,Navio335,43,16,162909,16,9,27,13,45,1998,GS,Porto51,Porto24,1
633,Navio60,57,9,75350,8,8,19,8,46,2019,CNTR,Porto191,Porto71,0
634,Navio745,21,14,100488,11,15,23,19,115,2002,CNTR,Porto109,Porto107,1
635,Navio236,46,13,173483,17,11,26,12,118,2009,GLP,Porto68,Porto35,1
636,Navio69,33,7,164814,13,9,21,18,75,1999,GS,Porto29,Porto79,1
637,Navio316,42,9,167591,9,10,10,8,39,2010,CG,Porto186,Porto20,1
638,Navio284,54,15,150072,15,14,10,5,99,1998,GL,Porto166,Porto116,1
639,Navio91,28,13,107457,13,12,13,18,59,2002,GL,Porto172,Porto35,1
640,Navio71,15,13,63086,11,11,22,13,34,2002,GSM,Porto90,Porto33,1
641,Navio274,35,7,181018,12,12,19,9,86,2012,GS,Porto109,Porto175,1
642,Navio156,41,10,138137,16,12,28,11,89,2009,CG,Porto155,Porto112,0
643,Navio687,41,16,55439,11,10,10,11,29,2011,GLP,Porto187,Porto31,0
644,Navio1062,30,13,112238,14,10,23,14,93,2008,GSM,Porto46,Porto96,0
645,Navio138,53,11,54287,17,11,20,12,63,2013,CNTR,Porto5,Porto198,0
646,Navio496,53,6,85629,10,14,11,8,106,2018,CG,Porto188,Porto14,0
647,Navio886,50,16,117987,12,9,32,9,56,2018,GSM,Porto94,Porto157,0
648,Navio439,33,12,36357,11,11,19,17,57,2020,GS,Porto156,Porto119,0
649,Navio576,39,17,55242,10,10,21,11,79,2021,CNTR,Porto116,Porto114,0
650,Navio25,24,11,127645,12,14,23,17,54,2020,GS,Porto80,Porto122,0
651,Navio377,53,9,131074,19,12,10,5,106,2018,GLP,Porto146,Porto131,1
652,Navio118,45,13,55121,12,18,32,14,116,2001,GLP,Porto165,Porto23,1
653,Navio698,41,8,63000,9,10,13,19,64,2022,GL,Porto89,Porto43,0
654,Navio341,34,14,167832,8,10,31,16,91,2003,GSM,Porto81,Porto148,1
655,Navio797,20,8,121301,9,17,25,6,82,2004,GLP,Porto3,Porto154,1
656,Navio392,40,15,162610,14,12,12,18,13,2009,GS,Porto128,Porto37,1
657,Navio104,18,7,114194,12,10,10,9,62,2012,GS,Porto66,Porto46,0
658,Navio830,22,11,80233,15,14,17,19,79,2014,CG,Porto192,Porto133,0
659,Navio482,20,14,171076,16,19,24,16,31,2000,CG,Porto12,Porto110,1
660,Navio841,41,9,156228,8,16,13,12,73,2007,CNTR,Porto16,Porto30,1
661,Navio290,22,9,139352,8,11,21,12,12,2021,GL,Porto143,Porto178,0
662,Navio1017,36,14,128609,15,16,31,17,104,2014,CNTR,Porto78,Porto175,0
663,Navio704,45,12,45147,8,16,12,16,56,2010,GLP,Porto37,Porto178,0
664,Navio432,35,6,101339,15,12,31,12,18,2018,GLP,Porto106,Porto39,0
665,Navio31,33,15,39734,9,10,10,11,30,2009,GLP,Porto5,Porto197,0
666,Navio56,32,17,62513,13,18,15,18,20,2012,GSM,Porto20,Porto100,0
667,Navio958,51,9,40251,18,18,15,11,47,2016,GL,Porto197,Porto42,0
668,Navio533,41,13,174686,16,18,10,5,27,2018,CNTR,Porto113,Porto10,1
669,Navio996,44,14,140897,14,8,11,12,90,2021,GS,Porto147,Porto92,0
670,Navio999,29,6,89599,14,13,29,12,104,2018,CNTR,Porto180,Porto31,0
671,Navio270,48,16,38745,9,17,19,15,39,2009,CNTR,Porto111,Porto80,0
672,Navio993,39,7,70385,12,17,28,15,24,2013,GS,Porto151,Porto119,0
673,Navio137,15,17,73909,16,8,25,10,37,1998,GLP,Porto51,Porto40,1
674,Navio209,47,14,54452,12,8,26,8,70,2009,CG,Porto52,Porto139,0
675,Navio878,57,11,59422,14,10,11,14,47,2015,CNTR,Porto69,Porto112,0
676,Navio1007,29,13,91585,10,9,25,19,45,2019,GS,Porto35,Porto31,0
677,Navio79,21,15,161402,12,19,20,10,83,2012,GS,Porto126,Porto127,1
678,Navio197,39,7,138707,9,19,15,8,63,2018,GSM,Porto93,Porto34,1
679,Navio32,50,11,65442,9,19,27,8,54,2020,GS,Porto166,Porto87,1
680,Navio632,45,9,41903,19,8,15,16,39,1999,GS,Porto24,Porto193,1
681,Navio701,39,6,76504,10,11,21,13,16,2009,GS,Porto96,Porto104,0
682,Navio1056,19,11,86824,12,12,17,15,41,2019,GSM,Porto76,Porto29,0
683,Navio279,59,12,69861,17,17,13,7,96,2001,CG,Porto171,Porto68,1
684,Navio190,26,9,61159,8,15,18,11,35,2014,GLP,Porto93,Porto15,0
685,Navio1010,26,15,115845,8,9,22,19,21,2008,CNTR,Porto98,Porto51,0
686,Navio599,46,11,159206,14,13,28,7,56,2001,GL,Porto131,Porto101,1
687,Navio772,51,10,109329,19,9,11,9,69,2009,CNTR,Porto125,Porto88,1
688,Navio306,56,13,62950,19,11,20,14,86,2012,GLP,Porto127,Porto16,1
689,Navio148,49,6,195961,18,10,16,19,92,2015,GSM,Porto184,Porto17,1
690,Navio61,46,8,167712,17,19,28,18,68,2012,GS,Porto162,Porto136,1
691,Navio33,39,17,56687,19,8,23,10,70,2015,GSM,Porto170,Porto28,1
692,Navio352,54,11,140020,12,12,28,6,21,2006,GL,Porto171,Porto140,0
693,Navio674,31,6,197295,16,12,16,7,63,2014,GL,Porto93,Porto26,1
694,Navio254,49,15,192533,18,13,19,16,29,2019,GSM,Porto186,Porto120,1
695,Navio536,55,16,54407,13,15,31,6,12,2011,GS,Porto190,Porto181,0
696,Navio347,23,6,43514,19,10,12,6,98,2002,GL,Porto191,Porto59,1
697,Navio116,49,10,58000,10,16,25,11,111,2006,GLP,Porto29,Porto91,0
698,Navio346,15,14,162769,9,16,32,6,87,2013,GL,Porto110,Porto23,1
699,Navio379,23,12,151048,8,15,26,18,68,2004,GL,Porto107,Porto172,1
700,Navio895,41,11,52835,14,17,17,15,85,2015,GL,Porto61,Porto181,0
701,Navio1060,52,16,95585,16,10,22,5,99,2011,GLP,Porto35,Porto48,0
702,Navio713,39,8,46016,19,9,34,16,58,2010,CNTR,Porto50,Porto158,1
703,Navio36,34,13,88967,10,19,19,5,96,2004,GLP,Porto79,Porto83,1
704,Navio82,27,8,31891,18,16,11,8,62,2011,GLP,Porto133,Porto40,0
705,Navio683,59,10,185279,9,9,26,16,79,2011,GS,Porto94,Porto175,1
706,Navio570,25,12,58635,17,13,10,12,72,2007,GLP,Porto52,Porto185,0
707,Navio292,43,13,141114,16,8,32,16,27,1998,GLP,Porto112,Porto133,1
708,Navio965,26,6,129273,11,9,32,15,58,2013,GLP,Porto41,Porto37,0
709,Navio530,27,15,186069,18,8,12,18,88,2003,GS,Porto4,Porto20,1
710,Navio1137,32,13,102128,17,11,34,16,113,2022,CG,Porto79,Porto152,0
711,Navio591,43,11,179179,12,12,13,11,90,2016,CNTR,Porto137,Porto88,1
712,Navio127,16,16,142474,8,14,30,6,40,2008,GL,Porto158,Porto36,0
713,Navio353,43,15,112404,18,10,14,16,38,2005,GS,Porto159,Porto180,1
714,Navio1014,33,11,122863,16,13,27,16,64,2015,GSM,Porto86,Porto134,0
715,Navio549,33,14,104272,15,11,22,19,16,2005,GS,Porto16,Porto36,1
716,Navio28,20,16,155040,9,11,18,18,43,2007,CNTR,Porto175,Porto64,1
717,Navio538,25,16,186247,8,19,34,19,10,2010,CG,Porto70,Porto116,1
718,Navio458,48,7,46473,10,16,26,7,83,2014,CNTR,Porto175,Porto181,0
719,Navio740,20,14,131066,8,15,32,19,26,2007,CG,Porto7,Porto23,0
720,Navio109,36,10,120573,17,11,32,10,27,2020,GS,Porto75,Porto72,0
721,Navio628,20,7,141281,15,11,21,7,114,2021,GLP,Porto139,Porto86,0
722,Navio1058,37,8,99248,9,18,23,10,102,2011,GS,Porto9,Porto177,0
723,Navio304,58,16,103070,16,8,17,12,60,2010,GLP,Porto141,Porto102,0
724,Navio1054,47,17,125186,10,18,31,19,57,2020,CG,Porto106,Porto191,0
725,Navio472,36,16,137522,16,8,22,16,97,2017,CNTR,Porto41,Porto104,0
726,Navio22,40,15,166856,11,12,32,13,21,2009,GLP,Porto134,Porto44,1
727,Navio332,57,7,142364,16,15,29,18,115,2018,CNTR,Porto21,Porto181,0
728,Navio755,20,7,164916,19,18,21,19,50,2015,CG,Porto59,Porto138,1
729,Navio386,23,17,56206,9,17,31,7,56,2010,GLP,Porto160,Porto35,0
730,Navio166,28,16,98745,10,12,23,16,63,2001,CNTR,Porto168,Porto146,1
731,Navio43,46,14,73213,13,11,18,19,71,2010,GSM,Porto49,Porto77,0
732,Navio7,34,8,131737,19,9,33,8,55,2010,GL,Porto191,Porto191,1
733,Navio667,44,12,173804,19,10,23,7,74,2007,GSM,Porto123,Porto165,1
734,Navio532,49,11,53073,16,14,22,8,85,2019,CNTR,Porto147,Porto54,0
735,Navio847,19,16,87094,14,10,12,13,23,2006,GL,Porto9,Porto102,0
736,Navio527,41,11,150845,15,9,12,11,49,2002,GLP,Porto120,Porto189,1
737,Navio466,22,16,73490,15,17,18,13,99,2013,GLP,Porto9,Porto5,0
738,Navio348,30,12,103593,9,15,28,5,56,2013,CNTR,Porto120,Porto97,0
739,Navio326,15,13,47015,14,11,27,17,50,2017,GSM,Porto38,Porto109,0
740,Navio444,18,13,99151,14,9,26,16,40,1999,GSM,Porto2,Porto159,1
741,Navio787,15,6,146123,14,10,17,12,62,2008,GLP,Porto114,Porto73,0
742,Navio446,51,10,64429,9,13,28,13,53,2016,CNTR,Porto148,Porto173,0
743,Navio19,39,11,171204,19,12,14,19,85,2022,GSM,Porto126,Porto114,1
744,Navio961,26,6,55576,11,15,15,19,54,2009,CG,Porto3,Porto67,0
745,Navio478,22,10,77602,9,17,23,12,95,2007,GSM,Porto3,Porto138,0
746,Navio845,22,17,80473,19,17,32,19,13,2022,GL,Porto13,Porto50,1
747,Navio424,19,6,128018,17,15,10,12,22,2015,GS,Porto121,Porto101,0
748,Navio224,44,7,112389,8,16,17,10,28,2000,GLP,Porto186,Porto196,1
749,Navio391,35,8,80781,19,8,11,15,77,2014,GSM,Porto74,Porto38,1
750,Navio670,35,16,36242,17,14,15,14,95,2022,GS,Porto193,Porto63,0
751,Navio121,50,8,112706,15,14,25,14,80,2010,CNTR,Porto176,Porto179,0
752,Navio784,25,14,193010,8,11,15,18,12,2006,CG,Porto179,Porto149,1
753,Navio1071,45,8,117812,15,15,18,18,87,2018,GLP,Porto161,Porto65,0
754,Navio234,59,6,139952,12,17,10,17,11,2003,GL,Porto42,Porto44,1
755,Navio26,35,11,119850,17,12,25,18,97,2014,CNTR,Porto56,Porto153,0
756,Navio325,32,12,184784,16,16,11,13,31,2017,GL,Porto7,Porto51,1
757,Navio147,45,7,53974,12,8,28,9,100,1998,CG,Porto87,Porto192,1
758,Navio1129,57,6,56311,18,12,29,9,64,2010,GSM,Porto96,Porto18,0
759,Navio638,39,7,112295,19,10,13,8,57,2018,GLP,Porto12,Porto175,1
760,Navio949,21,8,35021,12,16,29,19,44,2015,GL,Porto128,Porto131,0
761,Navio103,44,17,62920,14,16,30,5,110,2012,GL,Porto41,Porto198,0
762,Navio46,50,6,84507,13,18,34,16,103,2011,GS,Porto68,Porto50,0
763,Navio318,38,9,193168,19,9,20,19,111,2002,CNTR,Porto177,Porto20,1
764,Navio1096,58,14,40442,10,14,28,14,62,2012,CG,Porto75,Porto187,0
765,Navio614,41,8,122418,12,14,33,9,18,2016,GS,Porto92,Porto44,0
766,Navio469,35,17,193619,14,12,26,18,10,2011,GL,Porto52,Porto55,1
767,Navio834,31,7,122228,18,18,10,15,70,2010,GS,Porto22,Porto17,0
768,Navio408,44,11,163210,16,13,16,5,117,1998,GLP,Porto184,Porto188,1
769,Navio331,47,8,161053,15,12,30,11,95,2006,GS,Porto115,Porto106,1
770,Navio514,50,8,89054,17,16,19,16,97,2012,GL,Porto84,Porto94,0
771,Navio1012,54,8,137943,15,12,25,5,96,2012,GL,Porto198,Porto29,0
772,Navio106,57,13,136782,16,19,17,17,95,2004,CNTR,Porto128,Porto164,1
773,Navio1145,26,12,116674,13,9,26,7,41,2010,CNTR,Porto68,Porto83,0
774,Navio375,28,15,188066,14,17,25,16,110,2010,CNTR,Porto55,Porto25,1
775,Navio108,54,11,147638,10,8,26,19,45,2015,CG,Porto27,Porto85,0
776,Navio80,19,6,96907,18,10,12,12,24,1998,GLP,Porto30,Porto35,1
777,Navio662,27,7,59028,13,14,17,16,57,2010,CNTR,Porto57,Porto108,0
778,Navio475,18,16,49995,14,18,31,9,82,2003,GS,Porto162,Porto9,1
779,Navio644,58,15,123966,13,9,19,10,85,2000,CNTR,Porto147,Porto178,1
780,Navio671,57,7,172188,13,15,24,11,87,2008,GLP,Porto94,Porto88,1
781,Navio309,31,12,197556,17,11,15,10,113,2008,GS,Porto153,Porto92,1
782,Navio14,27,14,42087,16,10,14,7,110,2002,CG,Porto54,Porto43,1
783,Navio510,19,14,33275,8,17,23,6,95,2007,GLP,Porto164,Porto149,0
784,Navio73,50,10,44543,8,17,11,15,46,2016,GL,Porto39,Porto17,0
785,Navio359,33,8,154326,10,19,23,15,112,2020,CNTR,Porto143,Porto49,1
786,Navio189,30,11,120852,14,18,22,14,31,2020,GL,Porto67,Porto175,0
787,Navio794,51,9,199269,17,17,15,17,71,2004,CNTR,Porto177,Porto156,1
788,Navio177,47,9,85343,11,16,28,16,39,2000,GS,Porto167,Porto10,1
789,Navio629,19,16,135394,17,8,28,5,86,2017,GL,Porto110,Porto70,0
790,Navio378,54,14,187195,12,18,20,12,33,2013,CNTR,Porto99,Porto137,1
791,Navio577,49,6,131727,13,17,17,11,108,2009,GL,Porto120,Porto116,0
792,Navio1021,33,13,38625,12,11,31,16,26,2011,CNTR,Porto45,Porto39,0
793,Navio257,23,7,134882,15,19,34,7,49,2020,GL,Porto19,Porto87,1
794,Navio440,25,13,65526,15,12,21,5,72,2021,CNTR,Porto40,Porto133,0
795,Navio622,25,16,69306,19,9,26,12,65,2014,CNTR,Porto64,Porto39,1
796,Navio430,58,8,182033,17,16,22,7,49,2020,GS,Porto169,Porto102,1
797,Navio825,31,13,190304,10,18,23,12,22,2022,GS,Porto107,Porto80,1
798,Navio806,44,7,142754,8,10,31,15,24,2018,GLP,Porto191,Porto59,0
799,Navio568,17,11,79113,8,9,26,19,29,2019,GLP,Porto7,Porto42,0
800,Navio726,49,12,84265,10,8,10,19,107,2020,GS,Porto114,Porto139,0
801,Navio321,23,10,82188,19,8,19,14,13,2012,CG,Porto75,Porto84,1
802,Navio645,48,13,88179,12,19,14,7,22,2001,GLP,Porto45,Porto103,1
803,Navio586,21,15,177404,10,12,19,10,36,2010,GLP,Porto70,Porto174,1
804,Navio813,31,9,114373,12,10,29,15,92,2002,CNTR,Porto31,Porto165,1
805,Navio388,21,7,43278,18,16,20,11,16,2021,CG,Porto108,Porto197,0
806,Navio367,57,10,181243,16,18,26,6,92,2015,CG,Porto194,Porto173,1
807,Navio560,46,9,115032,14,8,11,6,54,2017,CG,Porto117,Porto153,0
808,Navio35,34,16,170743,16,10,23,8,53,2018,GSM,Porto170,Porto29,1
809,Navio711,57,14,132030,14,17,28,11,38,2001,GL,Porto177,Porto153,1
810,Navio703,35,6,70361,9,15,17,15,110,1998,GL,Porto149,Porto150,1
811,Navio693,48,16,122723,16,15,12,8,29,2005,GS,Porto145,Porto120,1
812,Navio423,51,12,134843,16,10,29,17,53,2018,CNTR,Porto32,Porto196,0
813,Navio781,47,17,68673,14,15,23,6,82,2008,CG,Porto69,Porto73,0
814,Navio464,20,6,52494,15,9,13,19,93,2013,GL,Porto9,Porto150,0
815,Navio402,40,12,71283,17,12,11,6,10,2010,GLP,Porto28,Porto187,0
816,Navio369,31,6,187450,18,19,25,5,73,2003,GSM,Porto101,Porto89,1
817,Navio588,21,10,39056,16,16,28,19,36,2003,GS,Porto154,Porto48,1
818,Navio201,57,12,163519,13,10,25,14,10,2002,GS,Porto2,Porto100,1
819,Navio1053,34,11,143085,10,14,15,10,48,2014,CG,Porto125,Porto117,0
820,Navio753,24,16,144572,9,10,33,19,83,2014,GLP,Porto97,Porto151,0
821,Navio512,42,9,133272,12,14,24,15,74,2012,CG,Porto158,Porto117,0
822,Navio556,29,12,44787,17,12,14,16,62,2015,GSM,Porto22,Porto187,0
823,Navio456,49,10,176286,19,15,15,10,24,2022,GS,Porto39,Porto105,1
824,Navio474,59,17,125024,19,19,21,7,101,2020,GL,Porto154,Porto64,1
825,Navio625,18,10,163923,18,18,24,8,108,2020,GSM,Porto102,Porto23,1
826,Navio540,28,10,174147,19,15,21,10,79,2012,GLP,Porto133,Porto37,1
827,Navio734,48,9,66785,15,17,23,13,73,2020,GS,Porto198,Porto52,0
828,Navio805,31,12,37714,19,14,23,16,94,2015,GSM,Porto138,Porto147,1
829,Navio849,52,15,171453,12,18,17,18,79,2006,CG,Porto82,Porto69,1
830,Navio383,37,12,128085,13,17,19,14,103,2013,CNTR,Porto95,Porto101,0
831,Navio86,30,11,171180,19,17,20,7,54,2002,GLP,Porto104,Porto144,1
832,Navio967,40,9,138798,13,12,28,17,50,2012,GL,Porto96,Porto197,0
833,Navio519,56,9,57695,14,15,28,5,56,2015,GL,Porto62,Porto74,0
834,Navio241,54,10,140423,16,14,33,6,86,2016,CNTR,Porto171,Porto18,0
835,Navio493,58,14,61243,12,17,26,9,94,2021,GL,Porto112,Porto41,0
836,Navio515,17,11,120186,10,17,12,7,103,2008,CNTR,Porto35,Porto26,0
837,Navio6,24,6,45052,18,13,28,13,103,2014,GL,Porto168,Porto110,0
838,Navio843,32,14,119739,12,11,19,12,101,2015,CNTR,Porto31,Porto17,0
839,Navio759,30,16,149818,18,19,18,13,97,2003,GL,Porto68,Porto134,1
840,Navio848,28,13,158609,17,14,24,13,117,2007,GL,Porto94,Porto8,1
841,Navio801,34,15,84275,16,14,18,13,44,2009,CNTR,Porto10,Porto38,0
842,Navio253,26,10,105031,12,10,24,6,37,2015,GLP,Porto8,Porto198,0
843,Navio384,30,11,161681,13,18,24,16,90,2014,GL,Porto101,Porto48,1
844,Navio862,55,16,32012,10,17,24,14,41,2009,GSM,Porto58,Porto190,0
845,Navio681,24,15,42149,12,15,34,14,37,2017,GS,Porto98,Porto184,0
846,Navio700,40,9,156517,13,19,28,16,39,2018,GSM,Porto161,Porto176,1
847,Navio763,33,16,107113,17,16,20,19,95,2013,CG,Porto95,Porto181,0
848,Navio229,24,6,141819,10,19,17,8,100,2021,CNTR,Porto26,Porto26,1
849,Navio441,49,6,162887,18,10,27,9,65,2006,GL,Porto149,Porto65,1
850,Navio385,40,12,130429,15,19,10,14,110,2001,GSM,Porto41,Porto196,1
851,Navio592,53,17,177032,17,17,14,18,35,2016,CG,Porto138,Porto193,1
852,Navio250,55,10,41287,13,18,10,18,87,2010,GSM,Porto25,Porto2,0
853,Navio765,28,10,179243,11,11,30,12,16,2004,CG,Porto82,Porto64,1
854,Navio185,30,14,44279,10,15,16,10,108,2012,GS,Porto153,Porto15,0
855,Navio782,31,8,96402,10,9,24,17,59,1998,GL,Porto157,Porto10,1
856,Navio752,44,17,135330,15,17,18,14,44,2001,GS,Porto62,Porto182,1
857,Navio914,22,17,129042,13,15,17,18,83,2021,GLP,Porto4,Porto199,0
858,Navio691,27,16,42659,8,19,20,13,32,2004,CG,Porto133,Porto13,1
859,Navio624,40,14,123561,8,19,23,8,24,2021,CG,Porto112,Porto45,1
860,Navio282,36,7,83040,18,12,23,11,37,2008,CNTR,Porto38,Porto41,0
861,Navio23,28,9,156652,15,8,28,14,25,2003,CG,Porto18,Porto95,1
862,Navio356,42,12,121125,10,16,34,16,46,2005,CNTR,Porto163,Porto153,1
863,Navio85,29,6,190735,8,17,25,5,100,2004,GLP,Porto111,Porto53,1
864,Navio836,26,12,77256,15,8,34,17,28,2012,GS,Porto70,Porto173,0
865,Navio303,43,12,76239,15,14,30,6,56,2020,GL,Porto192,Porto38,0
866,Navio489,36,15,138593,17,12,15,17,52,1998,GL,Porto133,Porto33,1
867,Navio754,23,14,65504,18,15,24,5,118,2010,CG,Porto17,Porto163,0
868,Navio673,35,17,177697,13,13,23,18,37,1998,GS,Porto118,Porto185,1
869,Navio187,33,10,71536,14,14,18,19,94,2010,GS,Porto53,Porto145,0
870,Navio798,43,7,83350,12,15,31,14,79,2020,GS,Porto147,Porto50,0
871,Navio550,22,9,39415,18,13,26,13,52,2016,GLP,Porto14,Porto135,0
872,Navio199,33,15,194232,16,9,19,7,98,2011,GL,Porto80,Porto175,1
873,Navio245,49,10,122320,16,18,22,17,92,2022,CNTR,Porto84,Porto182,0
874,Navio119,18,8,134427,16,16,11,11,46,2011,CG,Porto54,Porto2,0
875,Navio669,25,8,143889,9,12,29,17,91,2016,CNTR,Porto163,Porto18,0
876,Navio163,18,15,97975,13,15,24,6,61,2011,GS,Porto181,Porto33,0
877,Navio497,40,6,49191,8,19,34,15,62,2016,CNTR,Porto70,Porto91,1
878,Navio544,45,15,93694,13,19,27,15,58,2019,GSM,Porto159,Porto68,1
879,Navio50,15,9,100269,11,16,33,18,36,1998,CNTR,Porto17,Porto73,1
880,Navio851,58,17,164274,16,17,14,16,98,1998,GL,Porto14,Porto124,1
881,Navio569,23,16,34613,19,18,28,19,30,1999,GS,Porto76,Porto147,1
882,Navio840,45,12,161903,12,9,23,18,42,2005,GLP,Porto139,Porto172,1
883,Navio169,39,14,148308,16,18,28,7,73,2020,GLP,Porto35,Porto57,0
884,Navio719,25,16,76270,15,12,33,15,76,2009,GS,Porto183,Porto66,0
885,Navio833,45,8,62619,15,12,27,18,36,2019,GL,Porto32,Porto154,0
886,Navio216,43,14,110222,12,13,19,12,92,2015,CNTR,Porto196,Porto23,0
887,Navio653,58,14,77347,10,14,13,16,119,2011,GLP,Porto86,Porto11,0
888,Navio237,24,10,182618,12,19,12,14,71,2022,GSM,Porto69,Porto56,1
889,Navio1048,53,16,78121,11,14,31,17,21,2009,GSM,Porto141,Porto96,0
890,Navio820,30,14,187104,13,9,32,6,22,2022,CNTR,Porto18,Porto15,1
891,Navio465,48,11,54781,19,13,27,14,98,2012,GLP,Porto17,Porto164,1
892,Navio690,25,10,151794,14,13,16,10,28,1998,GLP,Porto62,Porto170,1
893,Navio548,58,16,92083,17,11,13,6,33,2011,GS,Porto20,Porto103,0
894,Navio399,59,16,107910,18,17,23,7,51,2004,CNTR,Porto82,Porto55,1
895,Navio879,45,16,63112,10,18,20,10,48,2019,GL,Porto156,Porto7,0
896,Navio220,34,9,100518,11,11,31,17,106,2012,CNTR,Porto136,Porto154,0
897,Navio1067,56,11,109677,8,17,33,8,21,2011,CNTR,Porto122,Porto65,0
898,Navio758,58,17,196133,14,17,18,6,17,2006,GS,Porto98,Porto93,1
899,Navio205,37,17,31939,17,12,10,8,25,2012,GLP,Porto78,Porto150,0
900,Navio207,38,11,134942,13,10,19,11,85,2002,CNTR,Porto79,Porto83,1
901,Navio636,55,7,179373,9,11,31,18,94,2017,GS,Porto118,Porto64,1
902,Navio289,21,6,168083,15,17,34,8,78,2012,GS,Porto131,Porto52,1
903,Navio1120,37,15,81700,9,9,22,18,115,2021,CG,Porto30,Porto192,0
904,Navio1135,25,11,104429,10,14,15,16,34,2008,GSM,Porto196,Porto66,0
905,Navio595,24,10,112780,16,11,17,5,77,2011,GLP,Porto50,Porto29,0
906,Navio716,59,16,48152,11,14,23,13,49,2005,GL,Porto180,Porto154,1
907,Navio811,18,11,84602,17,19,24,10,39,2005,GL,Porto66,Porto145,1
908,Navio357,50,14,139648,12,16,31,6,50,2009,GLP,Porto30,Porto12,0
909,Navio808,38,9,101516,12,16,33,11,39,2017,CNTR,Porto195,Porto107,0
910,Navio492,23,17,90789,15,9,26,5,109,2022,GS,Porto110,Porto117,0
911,Navio140,57,14,141488,8,13,24,17,40,2022,CG,Porto106,Porto59,0
912,Navio517,30,7,192143,18,14,30,17,76,2006,GL,Porto55,Porto168,1
913,Navio945,28,8,69221,12,17,33,14,79,2017,GS,Porto173,Porto197,0
914,Navio970,21,10,102302,11,12,15,11,68,2017,GL,Porto93,Porto127,0
915,Navio539,26,9,107821,8,9,18,8,61,2013,GSM,Porto134,Porto142,0
916,Navio481,15,6,119966,9,9,23,17,114,2002,GL,Porto72,Porto122,1
917,Navio608,40,8,162188,19,16,17,6,84,2014,CG,Porto183,Porto187,1
918,Navio5,54,6,60690,18,15,31,16,103,2018,GLP,Porto27,Porto193,0
919,Navio134,17,16,121772,13,18,12,14,97,2003,GLP,Porto56,Porto47,1
920,Navio952,35,14,145566,16,13,16,14,112,2019,CG,Porto29,Porto34,0
921,Navio581,58,6,71763,10,10,24,13,113,2003,GLP,Porto166,Porto59,1
922,Navio706,23,9,156433,15,10,24,18,95,2021,GS,Porto159,Porto101,1
923,Navio902,56,12,88240,17,18,17,18,18,2008,CNTR,Porto79,Porto56,0
924,Navio34,44,12,100514,18,14,25,18,87,2017,GL,Porto55,Porto81,0
925,Navio1106,19,12,144198,18,10,23,19,111,2017,GLP,Porto141,Porto181,0
926,Navio1088,27,10,72604,11,11,27,10,61,2021,GS,Porto122,Porto84,0
927,Navio929,20,8,56442,13,15,12,18,47,2007,CG,Porto39,Porto45,0
928,Navio9,51,7,126609,8,19,25,14,52,2014,GL,Porto102,Porto75,1
929,Navio153,34,10,71132,14,15,33,14,88,2010,GS,Porto83,Porto182,0
930,Navio477,35,10,182022,8,16,31,9,55,2013,CG,Porto108,Porto15,1
931,Navio244,59,14,194383,10,14,11,6,61,1999,GLP,Porto2,Porto26,1
932,Navio654,56,11,184956,10,11,10,13,53,2019,CNTR,Porto2,Porto80,1
933,Navio647,44,15,37233,13,16,22,10,87,2004,GSM,Porto96,Porto163,1
934,Navio715,18,10,163579,11,19,30,5,87,2016,GL,Porto30,Porto31,1
935,Navio714,33,17,37336,9,12,29,10,67,2021,GS,Porto71,Porto123,0
936,Navio305,32,17,196647,19,12,26,11,45,2020,GL,Porto126,Porto142,1
937,Navio710,54,14,81717,18,8,33,9,44,2015,GS,Porto85,Porto159,0
938,Navio435,42,15,117184,14,18,20,12,25,2006,GSM,Porto12,Porto47,0
939,Navio232,18,11,161757,15,12,32,9,85,2009,GL,Porto153,Porto135,1
940,Navio175,48,17,147196,10,17,18,15,41,2019,GS,Porto72,Porto7,0
941,Navio178,51,15,127828,19,15,23,13,71,2011,CG,Porto102,Porto90,1
942,Navio991,18,17,92398,18,17,13,16,14,2013,GS,Porto98,Porto60,0
943,Navio406,38,14,48892,12,15,12,19,77,2010,CG,Porto78,Porto137,0
944,Navio721,21,14,126847,9,11,30,6,54,2007,GSM,Porto118,Porto135,0
945,Navio143,45,8,87454,12,11,25,16,56,1999,CNTR,Porto7,Porto44,1
946,Navio680,53,9,97592,10,11,33,17,35,2022,CNTR,Porto190,Porto158,0
947,Navio102,49,7,126162,10,10,23,9,80,2022,GSM,Porto8,Porto151,0
948,Navio518,51,11,144214,16,18,14,8,47,2013,GLP,Porto98,Porto25,0
949,Navio164,26,10,109238,11,12,12,16,64,2019,GS,Porto182,Porto162,0
950,Navio579,18,16,181564,9,8,29,12,68,2015,GSM,Porto72,Porto135,1
951,Navio286,37,12,175900,14,11,22,15,83,2013,CNTR,Porto130,Porto144,1
952,Navio904,31,13,116010,17,9,27,13,30,2012,GSM,Porto38,Porto71,0
953,Navio41,24,13,145398,10,10,23,12,49,2012,GL,Porto125,Porto136,0
954,Navio323,38,14,39883,16,19,24,13,49,2022,GL,Porto113,Porto119,1
955,Navio77,26,8,70834,19,16,12,10,83,2003,GSM,Porto10,Porto169,1
956,Navio419,18,15,83389,15,8,12,11,20,2019,GS,Porto52,Porto3,0
957,Navio751,27,8,188954,12,13,21,15,31,2011,CNTR,Porto148,Porto45,1
958,Navio64,54,13,44963,11,18,26,11,71,1999,CG,Porto73,Porto144,1
959,Navio235,18,7,113422,18,13,31,5,35,2002,GLP,Porto47,Porto20,1
960,Navio487,34,7,153376,8,8,32,9,119,2002,GS,Porto98,Porto133,1
961,Navio707,33,6,190344,8,8,14,17,31,2018,GS,Porto118,Porto96,1
962,Navio529,37,16,63293,14,18,18,9,47,1998,CG,Porto34,Porto13,1
963,Navio788,44,6,142747,15,10,32,13,100,2014,CG,Porto120,Porto125,0
964,Navio604,36,13,44694,13,17,20,5,87,2013,GL,Porto29,Porto190,0
965,Navio966,48,14,154730,14,16,11,9,57,2021,GSM,Porto66,Porto198,0
966,Navio125,29,7,107953,12,14,29,10,55,2020,GSM,Porto199,Porto62,0
967,Navio132,55,15,98674,15,14,18,15,73,1998,GS,Porto196,Porto5,1
968,Navio426,25,7,149445,14,13,14,11,91,2000,GL,Porto128,Porto190,1
969,Navio27,31,10,160784,11,13,28,10,72,2013,GS,Porto11,Porto199,1
970,Navio239,42,10,136737,15,11,19,9,94,2020,GSM,Porto17,Porto79,0
971,Navio208,58,16,187152,14,9,25,7,88,2000,GL,Porto23,Porto28,1
972,Navio1133,54,15,97137,13,8,11,15,10,2014,GSM,Porto89,Porto62,0
973,Navio1138,18,12,77240,13,16,12,19,100,2019,GS,Porto28,Porto121,0
974,Navio1072,18,6,54526,11,17,26,9,47,2017,CNTR,Porto35,Porto59,0
975,Navio831,37,10,41820,9,14,34,17,110,2014,GSM,Porto58,Porto103,0
976,Navio47,26,9,49000,11,19,15,10,19,2007,GS,Porto48,Porto28,1
977,Navio78,19,12,118007,15,12,31,10,77,2005,CNTR,Porto64,Porto168,1
978,Navio338,19,15,48344,19,15,29,7,77,2011,GLP,Porto183,Porto120,1
979,Navio160,29,9,162091,11,12,18,16,45,2020,GLP,Porto81,Porto24,1
980,Navio258,16,10,48700,10,8,30,18,40,2015,GSM,Porto121,Porto67,0
981,Navio59,56,14,88960,15,14,34,12,62,2006,GSM,Porto115,Porto83,0
982,Navio948,41,9,103815,14,18,21,13,19,2009,GL,Porto141,Porto64,0
983,Navio672,16,7,152325,17,9,23,10,50,2019,CG,Porto30,Porto111,0
984,Navio136,47,13,83204,8,11,25,9,89,2006,GL,Porto101,Porto123,0
985,Navio249,20,13,171427,15,8,25,13,50,2013,GS,Porto105,Porto7,1
986,Navio262,55,15,175758,11,19,28,19,59,2012,GSM,Porto78,Porto175,1
987,Navio180,36,14,120394,15,10,34,6,47,2013,CNTR,Porto197,Porto159,0
988,Navio129,25,14,74439,8,17,23,15,43,2006,CNTR,Porto154,Porto132,0
989,Navio1149,24,9,148022,14,13,16,9,116,2013,GL,Porto49,Porto1,0
990,Navio438,27,12,87627,8,19,28,13,43,2014,GL,Porto197,Porto21,1
991,Navio601,50,13,90141,16,10,14,13,84,2016,GSM,Porto85,Porto67,0
992,Navio962,49,17,127920,18,13,11,14,29,2014,GL,Porto194,Porto108,0
993,Navio252,15,13,191051,16,8,29,8,46,2013,GS,Porto113,Porto101,1
994,Navio107,28,15,153199,13,9,17,19,12,2002,CG,Porto163,Porto33,1
995,Navio243,48,12,151668,8,19,30,12,112,2004,CG,Porto5,Porto159,1
996,Navio411,22,8,95318,16,10,28,19,12,2001,GL,Porto107,Porto184,1
997,Navio315,23,12,76514,11,19,22,5,50,2010,GL,Porto31,Porto188,1
998,Navio225,18,7,42813,13,10,11,12,111,2007,GSM,Porto188,Porto79,0
999,Navio572,42,14,88706,17,9,20,8,117,2010,CNTR,Porto199,Porto181,0
